StudentID,StudyTimeWeekly,Absences,Tutoring,ParentalSupport,Extracurricular,GPA
1001,19.833722807854716,7,1,2,0,7.32
1002,15.40875605584674,0,0,1,0,7.61
1003,4.21056976881226,26,0,2,0,0.28
1004,10.028829473958217,14,0,3,1,5.14
1005,4.6724952729713305,17,1,3,0,3.22
1006,8.191218545250186,0,0,1,1,7.71
1007,15.601680474699297,10,0,3,0,6.87
1008,15.424496305808074,22,1,1,1,3.4
1009,4.562007558047703,1,0,2,0,7.24
1010,18.4444663630972,0,0,3,1,8.93
1011,11.851363655296536,11,0,1,0,5.37
1012,7.59848581924029,15,0,2,0,3.9
1013,10.038711615617212,21,0,3,1,3.8
1014,12.101425068754876,21,0,4,0,4.38
1015,11.197810636915708,9,1,2,0,5.99
1016,9.728100710723565,17,1,0,0,3.35
1017,10.098656081788002,14,0,2,1,5.58
1018,3.5282382085577235,16,1,2,0,3.46
1019,16.25465808609359,29,0,2,1,1.17
1020,10.835206398820308,9,0,2,0,5.99
1021,2.621597234094062,2,0,3,0,6.95
1022,15.32314203165556,25,0,1,1,0.87
1023,18.648879567547016,29,1,1,0,0.78
1024,18.94613798473924,20,0,2,1,4.43
1025,7.380354648223455,15,0,2,0,3.76
1026,2.7103374712150807,5,0,4,0,7.44
1027,10.367992532661304,2,0,2,0,7.37
1028,2.2521845869844137,8,0,3,0,5.36
1029,18.679748370252344,10,0,3,1,7.14
1030,3.67159254710292,20,0,3,1,3.8
1031,5.055317199023282,12,1,0,0,4.32
1032,8.132730537699409,17,0,4,0,4.62
1033,7.663289371182516,25,0,1,0,0.96
1034,15.89325784795778,21,0,0,1,2.37
1035,9.126336411019247,27,1,2,1,2.85
1036,3.415365200066738,23,0,1,0,0.65
1037,5.344197909721482,26,1,1,0,0.55
1038,10.18226770375044,21,1,1,0,2.67
1039,2.949078348522698,3,1,1,1,7.55
1040,12.233113512920282,21,1,3,1,3.82
1041,11.314946131022918,23,1,1,0,2.65
1042,14.294046327645152,7,0,2,0,6.56
1043,18.754092307587356,12,1,4,0,7.02
1044,18.245091222023117,9,0,2,0,7.22
1045,18.921512361376628,1,1,3,1,10.0
1046,4.894311940474019,7,0,4,0,6.29
1047,2.6313061327870924,5,0,1,1,6.41
1048,6.04553400992897,15,0,2,0,4.26
1049,17.90170345532629,17,0,3,0,5.25
1050,19.441069492469765,16,0,4,1,6.15
1051,17.18649902140952,5,0,3,0,7.34
1052,2.200354422550872,12,1,1,1,4.97
1053,18.948559961195865,22,0,4,0,3.93
1054,8.46716054701572,13,0,1,0,4.16
1055,0.1862058152470735,29,1,2,1,1.89
1056,8.847874814963872,25,0,2,0,2.01
1057,0.9213833935093518,20,0,2,0,3.36
1058,10.87755842322235,29,0,3,1,0.72
1059,6.771080548741026,9,1,3,0,6.53
1060,9.468698671880976,23,0,3,0,2.32
1061,12.26340721486234,10,0,0,1,4.73
1062,17.376021916356407,12,0,2,0,5.83
1063,13.238031529438572,11,0,3,0,5.59
1064,8.680977369563614,8,0,2,0,5.96
1065,16.388557073407302,3,1,4,0,8.37
1066,18.111642751462643,6,1,3,1,8.15
1067,2.3951993286439444,23,0,3,0,2.6
1068,10.638659551055827,28,0,0,0,0.07
1069,5.690239194848883,21,1,3,0,3.32
1070,0.941223957538948,1,0,4,0,8.21
1071,13.370933902279706,6,0,2,1,7.34
1072,17.255415549184512,28,0,3,0,1.85
1073,3.258053089547881,8,0,2,1,6.39
1074,16.24827315247801,4,1,2,0,8.25
1075,17.067914670738833,14,0,3,1,5.5
1076,18.28680885332967,17,0,3,0,4.64
1077,5.305701781721048,3,0,3,0,6.84
1078,18.079061303797783,18,1,1,1,5.33
1079,6.413255094728645,19,0,1,0,2.45
1080,11.046760269110056,25,0,3,0,2.49
1081,1.0101494166456426,6,0,1,0,5.19
1082,0.8776217673748721,25,0,2,0,1.25
1083,14.407464254644058,7,0,0,1,6.33
1084,8.88959955955582,16,0,1,0,3.66
1085,5.125847507384352,12,0,3,1,5.86
1086,3.808269920498204,23,0,3,0,2.9
1087,13.399069817184362,20,1,1,1,3.81
1088,0.0080308805067974,27,0,1,0,0.0
1089,16.117823383937086,22,0,0,1,2.65
1090,1.5849921225985764,10,0,2,0,5.57
1091,3.829792298162389,26,0,1,0,0.49
1092,7.724727905981792,0,0,2,1,8.77
1093,9.697174794322072,1,1,3,0,8.88
1094,7.099902316278836,16,1,3,0,5.6
1095,6.414243299685878,4,0,1,1,6.77
1096,19.278320241463767,29,0,3,0,1.83
1097,12.831593624867883,29,0,4,0,2.41
1098,0.4686591073477641,5,0,2,0,6.39
1099,8.603518168886264,25,0,2,1,1.86
1100,17.500173994879404,24,0,2,0,1.81
1101,6.029123728213359,23,1,1,1,3.18
1102,1.8911268954877647,6,0,3,1,6.32
1103,15.167695431798355,27,0,3,1,2.36
1104,12.120276638721624,20,1,2,0,3.79
1105,11.406250156530078,29,0,3,1,1.62
1106,1.0715311921481585,14,0,3,0,5.12
1107,2.8099801959103465,18,0,0,1,2.11
1108,12.450987924262275,15,0,1,0,3.66
1109,4.156476829176716,24,1,3,1,3.72
1110,10.081401594968488,12,1,4,0,6.47
1111,10.89763372058787,4,1,3,0,8.05
1112,5.670143805418788,2,1,4,0,8.86
1113,18.968503110829857,2,0,2,0,7.72
1114,16.8492821367115,18,1,1,0,4.8
1115,14.44747015265597,13,1,2,0,5.5
1116,1.5598773281881817,15,0,0,0,2.2
1117,2.122600386180389,21,0,3,1,3.35
1118,9.855626917299114,16,0,4,0,4.55
1119,3.214266983819713,26,0,3,0,1.55
1120,19.56530927058948,3,0,2,1,9.05
1121,3.170404680548189,12,1,1,1,5.44
1122,9.74935670927948,7,1,1,0,7.44
1123,7.282421136830108,18,0,2,0,2.45
1124,12.78772842908196,4,0,3,0,7.75
1125,2.5807281777884983,1,1,2,1,8.75
1126,8.606328560847817,14,0,4,1,6.48
1127,5.494100656142873,1,0,3,1,8.84
1128,17.75503049343376,10,1,1,0,7.05
1129,0.8117142426939017,12,1,1,1,5.04
1130,18.274549880129182,22,1,3,0,3.43
1131,16.65988277106001,9,0,1,0,5.26
1132,5.951414328816309,2,0,3,0,7.58
1133,15.785813093542094,4,1,2,0,8.96
1134,0.6242712067749512,2,0,1,1,6.07
1135,19.33731100586787,5,1,2,1,7.9
1136,10.531898851795788,12,0,2,1,5.31
1137,6.065620521308905,9,0,3,0,5.51
1138,7.251664251893541,18,0,0,1,2.96
1139,1.3281070692099473,7,0,3,1,6.85
1140,19.786990280840783,17,1,3,0,5.59
1141,0.7858389030138491,2,0,3,1,7.85
1142,13.09814246295718,23,1,0,1,2.62
1143,8.854718554129166,23,1,3,0,2.04
1144,18.978324363774306,16,0,2,1,5.08
1145,4.919994806135904,7,1,2,1,6.08
1146,10.641736478760226,9,0,3,1,6.65
1147,9.64712417165506,1,1,2,1,8.97
1148,14.057328881002029,11,0,3,0,5.79
1149,1.3602046390484102,22,0,1,1,2.52
1150,3.875782600467097,5,0,3,1,7.2
1151,4.291296401856997,1,0,1,0,7.01
1152,14.763015096833794,20,1,3,0,4.41
1153,3.7827739265348015,22,0,4,1,2.8
1154,11.469835277819534,23,0,2,0,2.58
1155,4.304876410019074,2,0,2,1,7.69
1156,17.232499001679567,16,1,3,1,6.58
1157,18.84370908979277,28,0,0,0,1.26
1158,10.369859498844807,6,0,2,0,6.96
1159,7.046177684183565,28,0,2,0,0.62
1160,4.681155500349982,20,0,3,0,2.97
1161,0.9956200304608752,4,1,3,1,8.44
1162,5.370001523949908,22,1,3,0,3.23
1163,13.084715598906358,0,1,3,0,9.3
1164,10.672338626184215,7,0,3,1,6.68
1165,18.880825565618547,11,1,2,1,5.92
1166,7.925545249834012,13,0,2,0,4.06
1167,13.87726684656789,15,1,2,1,6.34
1168,9.786454949502428,9,0,4,0,5.75
1169,10.251524318484233,14,0,3,1,5.65
1170,5.35548629208235,20,0,2,0,3.3
1171,9.099015536839994,23,0,3,0,2.37
1172,9.415699940254145,25,0,2,1,2.05
1173,14.132850434978678,14,1,3,0,5.85
1174,18.81279998372228,9,0,2,0,6.71
1175,6.586425549650086,20,1,1,1,3.86
1176,0.8440093716259689,27,0,3,1,0.49
1177,9.925902510012794,6,0,3,0,6.87
1178,10.889226642983372,25,1,2,1,2.76
1179,3.368811022638305,2,0,2,1,6.38
1180,15.209292125521332,1,0,3,1,8.19
1181,19.698582168829837,5,1,3,0,7.97
1182,18.915494340169214,20,0,3,1,4.31
1183,3.942120776473044,8,0,2,1,5.85
1184,17.507264798015214,9,1,4,1,8.18
1185,14.089872728233694,3,0,3,0,7.48
1186,9.076931276138232,26,1,3,1,2.24
1187,10.812219886494582,2,0,3,0,7.4
1188,16.99200349964916,8,0,1,1,6.69
1189,9.602698792767464,23,0,0,1,3.04
1190,7.464147382102537,21,1,3,0,3.41
1191,9.864949860519715,16,0,2,0,3.81
1192,11.582596080700982,13,1,3,0,5.58
1193,3.781553075566977,9,0,2,1,5.34
1194,18.018154605339813,12,0,2,0,5.64
1195,13.483738976592276,11,1,1,1,6.88
1196,12.665378346749778,26,0,3,1,2.24
1197,1.9899245236127627,0,0,1,1,7.79
1198,12.083478763451836,27,0,3,1,3.22
1199,2.4192132447698467,21,0,2,0,1.43
1200,1.573953503907981,28,0,3,1,1.45
1201,10.546217912847863,18,0,1,0,4.11
1202,8.055710680929899,18,0,1,0,3.09
1203,11.776205403124465,5,0,3,0,7.42
1204,1.784443361144772,12,0,2,1,5.02
1205,8.619661256945168,18,0,1,1,2.87
1206,3.4957343009031594,12,1,4,0,5.48
1207,19.74200171848233,26,1,1,1,2.36
1208,11.223004248703488,25,0,2,1,1.42
1209,13.748737218817348,21,0,1,0,2.43
1210,6.508365613652156,20,1,2,1,4.14
1211,1.894778295586883,3,0,2,0,7.1
1212,19.517417255670733,23,0,1,0,0.47
1213,5.7251807076636645,1,0,3,1,8.15
1214,8.476163703471485,14,1,2,0,4.8
1215,12.9972784340515,11,0,3,0,5.05
1216,0.4939459537222257,29,1,1,1,0.31
1217,16.205182610345737,26,1,2,1,3.22
1218,10.731563800572406,6,0,0,1,6.48
1219,5.564343741376443,19,1,3,0,3.66
1220,1.232159705849385,17,0,3,0,3.66
1221,3.2499683094888288,22,0,3,1,4.28
1222,17.900677177068737,12,0,2,0,5.72
1223,13.72048447871782,16,0,3,0,4.9
1224,4.998034432737796,3,0,3,0,6.55
1225,1.3120152989005909,24,0,0,1,1.92
1226,13.812306247732726,13,0,1,0,4.52
1227,11.448154519355302,19,0,2,0,2.2
1228,8.090390489164701,27,0,3,0,2.04
1229,7.272228983801277,12,1,0,0,3.62
1230,4.336285518582166,2,0,3,0,8.35
1231,13.392225130750353,25,0,2,0,2.05
1232,19.41336055587741,25,0,2,0,1.69
1233,3.514304916736517,17,0,1,0,3.47
1234,11.942332400310068,13,0,2,0,4.98
1235,8.483701114919524,14,0,0,0,4.1
1236,8.933774434893298,2,0,0,0,6.28
1237,5.082945602556288,0,0,3,0,7.46
1238,16.50269751322838,25,1,2,0,3.15
1239,9.705112082944822,23,1,2,0,3.54
1240,10.86811704396528,16,0,1,1,3.99
1241,6.095218255946515,2,1,2,0,7.72
1242,3.636169313338995,13,0,0,1,4.1
1243,1.7182077640564095,2,0,2,0,6.47
1244,14.282382818498318,12,1,2,0,5.97
1245,3.924685633757112,14,0,2,1,4.75
1246,13.801507083775954,17,0,4,0,5.28
1247,7.807528920939077,13,0,2,0,4.25
1248,8.315496019793029,20,0,2,1,2.61
1249,9.383549921855431,25,0,2,0,2.99
1250,7.354170162550863,2,0,1,0,6.62
1251,2.0123995444518017,18,0,3,0,3.09
1252,6.192636200056915,7,0,2,1,5.32
1253,13.274687213878767,3,1,1,1,7.28
1254,13.31568802937742,3,0,3,0,7.8
1255,5.724486144799887,18,1,0,0,2.59
1256,9.20205253115376,10,0,4,1,6.01
1257,3.8689445602387496,0,1,3,0,7.89
1258,4.207441630596716,7,1,2,0,6.81
1259,0.4609417681321481,14,0,1,1,3.83
1260,17.934930998154893,0,0,1,0,8.67
1261,4.214133301498125,6,0,1,1,5.76
1262,4.550677538729266,20,1,1,1,3.16
1263,5.592028652902636,19,0,2,1,3.7
1264,2.54816143390858,19,0,4,0,3.61
1265,12.785257663627256,23,0,2,0,2.02
1266,1.5028590635517314,10,1,3,0,5.38
1267,2.6840485265270053,26,0,3,0,1.4
1268,12.895134531801858,28,0,3,0,1.45
1269,6.793212409628855,13,0,0,0,4.01
1270,14.158956534023782,21,1,2,0,2.51
1271,11.14849489340284,15,0,3,0,4.16
1272,5.120423461230262,13,0,3,0,3.83
1273,13.016559009786562,11,0,4,0,5.51
1274,2.325473605857613,16,0,3,0,2.89
1275,10.728207661600608,13,1,1,0,5.38
1276,8.742962100900693,9,0,2,1,6.48
1277,5.357471656348816,23,0,0,1,2.28
1278,12.080099954790002,28,1,3,0,1.74
1279,17.42667184680565,13,1,2,0,5.35
1280,19.97809399526153,17,0,3,0,3.88
1281,12.15525537486849,21,0,4,0,3.87
1282,8.094117486583404,8,1,3,0,7.42
1283,4.5041420043240326,16,0,2,1,4.08
1284,5.141921787902235,5,1,1,0,5.83
1285,9.589099562995314,7,1,3,1,8.18
1286,7.345554025614184,25,0,1,0,0.87
1287,18.276290452498884,12,1,1,0,4.74
1288,7.365909353114191,17,0,1,0,3.64
1289,7.468891822908709,4,0,2,1,6.38
1290,7.67069024867954,5,0,1,0,5.56
1291,16.732404207353163,20,1,4,0,4.62
1292,13.015766416938035,18,0,4,1,4.62
1293,12.283377006377854,3,0,4,0,8.17
1294,6.682860447677244,6,1,0,0,6.37
1295,16.35808353664879,3,0,4,0,7.75
1296,0.7672772271140227,24,0,4,0,1.64
1297,17.415943446762263,10,1,4,0,7.72
1298,10.254997995878592,11,1,3,0,4.98
1299,7.965004697268256,13,1,3,0,6.51
1300,9.943345614353714,12,1,1,0,4.33
1301,13.348310610676622,28,0,3,1,2.78
1302,0.2553085303579472,9,0,0,1,4.12
1303,17.431037129164956,17,0,2,0,3.34
1304,8.934790506227856,15,0,4,0,4.96
1305,6.859330394001564,4,0,2,0,7.65
1306,2.764911312681142,7,1,1,0,5.98
1307,8.789307487168843,13,0,4,0,5.21
1308,9.926455425687577,4,0,4,0,9.11
1309,8.072933889869557,25,0,1,1,0.81
1310,13.573201876537942,27,0,3,0,2.82
1311,8.41793057518452,23,0,2,1,1.58
1312,19.228351556931468,7,0,2,0,7.89
1313,11.985550356471837,24,0,1,0,1.7
1314,16.14955871303818,25,0,0,0,1.99
1315,2.187118062189577,5,1,1,0,7.11
1316,7.945825858918114,15,1,0,0,3.13
1317,6.736954028943054,27,0,4,0,1.34
1318,11.389647762731837,3,1,3,1,7.98
1319,17.222270401228513,11,0,3,0,7.04
1320,1.5667643552401334,10,0,3,0,5.39
1321,1.4514959608942155,2,0,1,1,6.81
1322,17.00635416315198,11,0,4,1,6.57
1323,4.257001720767148,29,1,3,1,2.28
1324,13.375065088996276,4,0,2,0,6.52
1325,10.857562647216104,5,1,1,0,7.45
1326,16.657871897744588,18,0,3,0,4.06
1327,2.5017781967280706,17,0,3,0,3.4
1328,2.595659314452225,15,1,3,0,4.79
1329,11.13636720556615,22,0,0,0,2.53
1330,18.92757306716742,10,0,1,1,5.83
1331,8.299955167415085,4,0,2,1,8.47
1332,6.538842005093899,8,0,3,0,5.96
1333,12.133786463957716,2,0,0,0,6.95
1334,18.608972010900622,29,0,2,0,1.34
1335,16.738556656892474,7,0,2,0,6.36
1336,19.9096722146644,5,0,3,0,7.52
1337,0.4513716640475418,3,0,2,1,7.46
1338,2.2571628942552446,11,0,2,0,4.87
1339,12.18935526733244,11,0,3,0,5.37
1340,16.411528786676996,24,0,4,0,2.94
1341,5.704886846135331,20,0,1,1,3.5
1342,4.784221760684375,15,0,1,1,4.39
1343,15.739515987624015,9,0,4,1,7.25
1344,1.1276370770646316,21,0,2,0,2.58
1345,7.387652951651702,13,0,3,0,4.77
1346,10.116184451846594,12,0,3,0,4.7
1347,11.206973487006469,8,0,1,0,6.54
1348,14.572303135855538,6,0,3,1,7.77
1349,7.096914468613164,11,0,3,0,3.47
1350,12.253686893492144,4,0,2,0,7.08
1351,11.707508455819127,17,0,0,0,2.72
1352,10.952322013074944,3,0,4,0,7.19
1353,12.809665862844245,1,0,2,0,7.24
1354,5.188983421361526,2,1,3,0,7.95
1355,1.6929750716925795,25,0,3,0,1.18
1356,2.3854334407948685,11,1,2,0,5.53
1357,4.491647653078021,2,1,3,1,8.44
1358,10.003958710455706,3,0,4,0,8.01
1359,16.808855010920404,5,0,2,0,8.38
1360,14.025866841767682,11,0,2,0,4.31
1361,15.780812084040942,18,0,4,1,5.54
1362,7.019512478521827,9,0,1,1,5.01
1363,8.093074832971004,29,1,0,0,1.79
1364,7.873637719812256,0,1,4,0,9.7
1365,3.8374636880900304,16,0,3,1,4.22
1366,1.2243331628714405,15,0,4,1,4.39
1367,11.818321856544536,8,0,0,0,5.34
1368,19.784333668411723,24,1,1,0,2.28
1369,3.3365940990052567,20,1,1,0,2.84
1370,0.9336963979854752,8,1,3,1,5.87
1371,15.59063363647866,26,0,3,0,1.56
1372,5.051720133694484,22,0,2,0,0.85
1373,16.59287610705857,8,0,0,0,5.56
1374,14.078733340690308,11,0,3,0,5.82
1375,18.91347074101609,22,1,2,1,4.06
1376,8.178544715133441,8,1,1,1,5.5
1377,13.239396789012684,14,0,4,0,6.46
1378,9.297095616265414,1,0,1,1,7.49
1379,12.61177394617087,10,0,3,0,5.93
1380,8.991978120154746,10,1,3,1,7.08
1381,3.7726449284814967,7,0,2,1,6.31
1382,10.157948320067618,22,0,1,1,2.61
1383,10.571684028748846,5,0,2,1,6.65
1384,16.21207696520322,20,0,3,0,4.0
1385,14.710414115871624,19,1,1,1,4.5
1386,13.275832478828882,6,0,3,0,6.64
1387,2.2677419110514507,2,0,4,0,7.5
1388,14.4123258132743,7,0,4,0,7.44
1389,10.006103127090295,17,0,2,0,3.44
1390,17.881990722123184,16,0,3,1,4.62
1391,18.39741868261085,10,0,4,0,6.11
1392,1.1031318120357092,1,0,2,1,7.14
1393,16.412831207089575,24,1,1,1,3.02
1394,0.7539478084534124,20,0,1,1,2.24
1395,7.343392513900453,26,0,1,0,0.68
1396,10.845999512421582,23,0,3,0,1.67
1397,2.962015972542549,18,0,2,0,2.72
1398,14.926276251381536,6,0,3,0,7.03
1399,0.1670940834427714,17,1,3,1,4.67
1400,3.3719809686807367,7,0,3,1,7.59
1401,11.615936597069512,13,0,3,0,5.34
1402,14.287751240745848,6,0,0,1,7.6
1403,18.332862053878323,27,0,3,0,2.49
1404,14.109933038692477,20,0,2,0,3.08
1405,13.43558540509732,27,0,2,0,2.16
1406,7.886822927013286,26,0,0,0,0.29
1407,0.0256885105360282,3,0,4,1,7.34
1408,2.403185174712439,16,0,4,1,5.12
1409,10.691090895120784,4,0,2,1,7.66
1410,13.502597716888394,11,0,2,0,6.09
1411,8.34896567792925,8,0,3,0,6.07
1412,14.613580230567804,25,0,1,0,1.94
1413,10.437245906643575,19,1,1,1,4.7
1414,1.4835239118862442,12,0,3,0,3.99
1415,3.8403250193589766,24,0,1,0,1.76
1416,16.799964464878858,27,0,2,1,1.91
1417,14.49825493248879,17,1,2,1,3.76
1418,17.8952397402499,19,1,2,1,3.81
1419,2.351144982418732,8,0,1,1,5.68
1420,19.80445069230148,3,0,2,0,8.51
1421,4.188134278998672,20,1,2,0,3.6
1422,0.2355975257328402,26,0,2,0,0.84
1423,19.94845878107108,7,0,3,0,7.78
1424,5.621477708902263,0,1,4,0,9.43
1425,13.360389050251198,16,0,1,0,4.14
1426,3.533646283526104,24,0,3,1,2.63
1427,11.604570643982834,8,1,1,0,6.34
1428,18.080699729091187,19,0,2,0,3.49
1429,6.403623348568772,12,0,2,1,5.06
1430,13.405079520887185,1,0,2,0,8.17
1431,3.75807177596833,12,0,3,1,5.04
1432,12.495907974374504,8,0,2,1,5.99
1433,6.729007036350203,29,0,2,1,0.72
1434,4.224165171759033,19,0,3,0,3.87
1435,6.263641014072703,5,1,1,1,7.26
1436,3.576821370155987,27,0,1,0,0.62
1437,18.03832215675765,0,1,0,1,8.55
1438,7.943737726342577,27,1,1,0,1.46
1439,4.905586099487347,24,0,2,0,2.33
1440,8.968156820318658,4,0,2,1,6.7
1441,6.410723336129911,2,1,1,0,7.77
1442,14.88838507626652,3,0,0,1,6.95
1443,19.424398237709887,0,0,3,0,10.0
1444,8.760673133952936,13,0,3,1,5.83
1445,17.220667999444807,8,1,4,1,7.67
1446,11.31726147119239,29,0,4,0,2.17
1447,3.1447133018846696,23,0,4,0,3.8
1448,13.812454841626831,3,0,3,1,8.22
1449,10.268689942516405,17,1,3,1,5.44
1450,13.01213046504207,13,0,1,0,4.63
1451,17.7937482514333,24,0,3,1,3.69
1452,8.808691413120922,3,0,0,0,7.2
1453,18.023552464347112,24,0,3,0,2.65
1454,15.013380285633096,9,0,2,0,6.43
1455,9.772098517559694,2,0,3,1,8.97
1456,12.064442713159274,22,0,0,1,3.25
1457,6.511622650380229,6,1,2,0,8.02
1458,19.671945994775484,9,0,2,0,6.34
1459,13.34702326100792,12,0,1,1,4.97
1460,0.8769370499325979,3,1,2,0,7.51
1461,6.532438114960176,17,0,0,1,3.78
1462,12.46628867518115,10,0,2,0,5.43
1463,1.126665555984796,24,1,2,0,1.6
1464,0.4776838263828553,3,0,3,0,6.88
1465,9.000484790556051,23,0,2,1,2.6
1466,6.6538035938534,13,0,2,1,5.64
1467,8.765972160663317,17,0,4,0,4.17
1468,5.253866197600104,7,0,2,0,6.25
1469,3.2943549388596183,26,1,2,0,0.7
1470,13.782867139606754,9,0,2,1,6.59
1471,10.29142232535601,4,0,3,1,7.64
1472,4.003084224987337,22,0,2,1,3.4
1473,6.391788525199966,6,1,2,1,8.1
1474,11.83615815326652,11,1,3,1,6.43
1475,1.444586965449557,24,0,0,0,0.0
1476,2.949060185323591,2,1,3,0,7.86
1477,1.4649120821478023,25,1,2,1,2.62
1478,16.246346654282377,3,0,2,0,7.17
1479,15.048184664240186,9,0,3,0,6.6
1480,15.06625863758514,3,0,1,0,6.67
1481,14.32650686952056,14,1,3,0,6.99
1482,13.387708473397383,28,1,4,0,2.97
1483,9.5398383075635,9,0,2,0,6.3
1484,12.8455632701423,20,0,4,0,4.0
1485,0.767231095759493,29,0,0,0,0.0
1486,12.429288453135692,21,1,3,0,3.99
1487,15.557554110737543,15,1,2,1,5.56
1488,10.007167207687804,14,0,2,0,4.04
1489,7.150266568544739,18,0,1,1,4.19
1490,5.548534696019583,28,0,2,1,0.54
1491,12.85604100324165,19,1,1,1,3.89
1492,13.856023972598177,18,0,4,1,5.39
1493,17.41935199725085,17,0,3,0,5.18
1494,6.846681649219814,25,1,1,0,1.42
1495,15.395446147711713,11,0,1,1,5.41
1496,11.22711648378676,24,1,3,0,3.23
1497,17.656729813561583,15,0,2,0,5.85
1498,10.556242165912415,0,0,1,0,7.31
1499,10.352596567959344,15,1,2,1,5.48
1500,11.557541628818182,1,0,2,0,7.69
1501,14.986307102848688,23,0,1,0,2.52
1502,19.293809576569217,14,0,3,1,5.3
1503,1.471267084315313,6,0,3,1,6.54
1504,1.0686920478203432,27,0,0,0,1.04
1505,18.75100674814677,0,1,4,1,9.87
1506,10.597512510364124,4,1,2,0,7.54
1507,12.298060291338722,9,1,1,1,7.03
1508,9.648472031894578,21,0,1,0,1.92
1509,1.8731490521494896,20,1,1,0,2.23
1510,15.36178756837333,3,1,2,1,9.17
1511,14.94449290177174,13,0,1,0,3.5
1512,6.23406642985624,12,0,2,0,3.56
1513,6.124784904568008,0,0,1,1,7.87
1514,16.75682761811037,15,1,3,0,5.88
1515,1.4471451548265324,22,0,3,1,2.9
1516,17.622102967131315,8,1,2,0,6.62
1517,5.1332337979182885,21,0,3,0,3.25
1518,11.859694955109878,15,1,4,1,6.61
1519,18.719883580035557,18,0,3,0,4.34
1520,13.56245003073293,14,0,2,0,5.05
1521,8.288596249340731,25,0,2,0,1.79
1522,13.790684178108304,13,0,3,1,5.67
1523,6.879592726327404,19,1,1,0,3.18
1524,5.545168326983722,9,1,2,0,6.55
1525,19.933665558693598,20,0,2,0,3.07
1526,15.015804623595754,11,0,3,0,6.24
1527,12.894399547636352,27,0,3,0,1.75
1528,7.105792864386375,0,0,2,1,9.66
1529,0.9832165831009632,20,0,1,1,1.71
1530,0.6211375207031122,16,1,4,0,4.71
1531,11.083625108975976,8,1,0,0,5.82
1532,15.240654420781022,22,0,0,1,2.2
1533,10.7475838088771,18,0,2,0,3.53
1534,16.81570143878229,24,0,3,0,4.16
1535,0.6685306618644327,17,0,3,1,3.35
1536,7.335041528518802,27,0,4,1,1.65
1537,4.741407823483561,6,0,1,0,5.38
1538,8.94545936314244,8,0,2,0,6.11
1539,1.4475278638824496,21,0,1,0,0.68
1540,19.08263283142145,25,0,3,0,3.29
1541,4.465108021387218,20,0,2,1,2.04
1542,18.44615550967169,11,0,0,0,5.14
1543,8.517863100733635,6,1,3,1,8.05
1544,19.71048266510436,13,1,2,0,5.6
1545,11.081167669204214,14,1,2,0,4.78
1546,18.616657283516147,14,0,3,0,5.6
1547,0.1069797738844569,5,0,1,1,5.64
1548,14.964776123618002,20,0,1,1,4.73
1549,18.061013062050307,13,0,1,0,5.52
1550,2.794411339579081,1,1,2,0,8.34
1551,1.9225170346430296,7,0,1,1,6.03
1552,8.491452143719112,12,0,3,0,5.4
1553,18.673578122658704,22,0,1,0,2.91
1554,10.847731203808774,5,0,4,0,6.46
1555,10.549129274434645,4,1,1,0,7.54
1556,2.8225223659864374,4,0,1,1,6.44
1557,0.0157902218643757,24,0,1,0,0.58
1558,16.202801814909225,0,0,3,1,9.12
1559,1.7514912597247645,8,1,2,1,6.51
1560,12.67699637470648,5,0,3,1,8.42
1561,18.29232909030383,19,0,3,0,3.96
1562,4.17303826316862,25,0,4,0,1.94
1563,13.305456724738216,29,1,3,0,1.96
1564,1.5739715341501892,6,0,0,0,5.82
1565,12.07510287675226,8,0,3,1,6.8
1566,3.278634419064055,4,1,4,1,8.11
1567,14.71907121030356,13,1,4,1,7.16
1568,6.024625895878164,4,0,1,0,5.82
1569,9.267820176092926,7,1,3,0,8.26
1570,11.988610840552434,6,0,1,0,6.22
1571,3.425468213324792,12,1,1,1,6.5
1572,14.832756372352415,12,0,3,0,5.3
1573,6.052806812736291,7,0,4,0,6.31
1574,13.24743719825507,10,1,2,0,6.19
1575,3.165661013987473,27,1,3,1,1.96
1576,13.762353184127004,25,0,0,1,1.92
1577,2.563761456209235,17,1,0,1,3.21
1578,8.507129925399672,24,0,2,1,1.61
1579,4.944121474777536,18,1,2,0,4.17
1580,14.96750498856365,5,0,3,0,8.21
1581,5.240700090137491,21,0,2,0,1.86
1582,17.634346127907925,1,0,2,0,8.31
1583,17.836404228132256,27,0,2,1,2.96
1584,3.928826304455717,12,0,1,0,4.04
1585,12.276918900154485,22,0,4,0,3.96
1586,1.7543528343992865,24,0,2,0,0.46
1587,7.830741992032584,27,1,2,0,1.18
1588,14.266434590025446,25,0,3,1,3.25
1589,13.188464936998326,10,0,2,0,5.95
1590,12.49401338813216,0,0,3,0,8.92
1591,5.650817273248872,23,0,1,0,0.7
1592,7.560498988688041,1,0,1,0,6.05
1593,2.058922894005724,29,0,4,0,1.54
1594,14.38045640867202,16,0,3,0,4.51
1595,10.077775935825471,7,0,2,1,6.59
1596,14.175312646913092,1,0,3,0,8.59
1597,4.978870495937455,5,0,4,0,6.84
1598,6.488764572701324,21,1,1,1,2.87
1599,6.684306745202293,4,0,0,0,6.01
1600,0.514848194944324,15,1,2,0,3.81
1601,6.82095745661247,7,0,1,1,6.12
1602,16.06609147036067,18,1,1,1,4.88
1603,17.94596991499477,15,0,3,1,5.73
1604,10.364366312718548,12,0,0,0,3.68
1605,9.110033904384403,25,1,3,0,2.77
1606,0.6164923739874051,19,0,2,0,3.01
1607,17.584086751707652,6,0,2,0,6.4
1608,0.2602042685174544,15,0,3,1,6.14
1609,18.89500160420424,22,1,2,0,3.07
1610,9.784324973761812,15,0,1,0,3.98
1611,6.838689871494532,28,0,1,1,0.78
1612,18.484368696853203,11,1,3,1,6.93
1613,0.4878198622019347,13,0,1,1,3.96
1614,11.628497897381742,23,1,0,1,2.76
1615,10.978650489986752,17,0,4,0,5.75
1616,4.3864080242276415,26,1,4,1,2.48
1617,8.577748627004212,27,0,2,0,0.41
1618,13.045280118875404,17,0,0,0,2.47
1619,14.54262393763855,15,0,3,1,5.58
1620,0.0143371741315956,19,0,3,1,3.46
1621,18.737068601820305,15,0,1,1,5.33
1622,3.290507447856248,12,0,1,1,4.67
1623,4.671608684447184,25,0,3,1,3.12
1624,5.269468913876965,28,0,4,0,0.75
1625,0.7564027310407062,8,0,3,1,6.76
1626,2.4610424718064983,25,0,1,1,2.24
1627,19.72699845888324,27,0,2,1,3.48
1628,6.304334747545721,8,0,3,0,5.38
1629,2.306021806780987,12,0,1,0,3.62
1630,2.1398252234924664,28,0,1,1,0.0
1631,14.389199353399436,3,1,1,0,7.73
1632,17.091373280652817,8,0,2,0,6.44
1633,5.139045990169397,14,0,2,0,4.89
1634,0.4181902467046994,13,0,3,0,4.7
1635,4.461800368907117,18,1,3,1,4.08
1636,1.130313815935147,11,0,4,0,5.93
1637,2.0678987326008302,20,1,3,1,3.2
1638,8.630162396952848,25,0,1,0,0.39
1639,4.598367417232652,24,1,2,0,3.2
1640,10.318917570508468,5,0,2,0,6.64
1641,5.069875065143807,2,0,0,1,6.71
1642,18.810746022058957,25,0,4,0,4.11
1643,18.11887935852529,24,1,0,1,3.49
1644,11.33612210020932,21,1,2,1,4.02
1645,7.088479839747723,19,0,2,1,2.97
1646,7.622937640694712,15,0,2,1,5.05
1647,8.237045662889939,29,0,3,0,0.6
1648,14.55158644269888,19,0,2,0,3.12
1649,9.03277991037676,23,0,1,0,2.13
1650,17.13459893011795,22,0,1,0,2.41
1651,18.88189571860729,16,1,4,1,6.06
1652,6.718923067578677,15,0,1,1,4.35
1653,11.213889627513602,5,0,1,0,7.11
1654,1.9011307366512888,7,0,2,0,5.1
1655,4.009380955327179,18,1,1,1,3.86
1656,8.269315334203203,29,1,2,0,1.83
1657,4.1240543180355775,24,0,3,1,1.25
1658,17.53120981577435,25,1,3,0,2.81
1659,3.165725121181961,1,1,3,0,7.4
1660,9.11321643106184,13,0,1,1,5.75
1661,12.113984809197513,21,0,2,0,3.38
1662,13.837278163216888,11,1,0,1,5.34
1663,7.661387394530134,16,0,0,1,3.25
1664,17.381981374494572,27,0,2,1,1.87
1665,11.36638302155851,26,0,1,1,1.33
1666,8.790155608951036,14,0,3,0,5.18
1667,1.3448126810407324,17,1,3,1,4.98
1668,9.2937893689033,15,0,3,1,4.75
1669,16.414716816314606,12,0,3,1,6.54
1670,12.29082036442631,20,1,0,1,4.53
1671,16.643249074582368,16,0,2,1,3.95
1672,9.880233411986111,7,0,1,0,5.68
1673,2.369234101889637,0,1,2,1,8.41
1674,0.2727969167176214,28,0,1,1,1.2
1675,6.064390934371824,24,0,0,1,0.5
1676,13.95980942995585,25,0,2,0,3.17
1677,15.805198078833875,26,0,3,1,2.21
1678,5.915056692406589,2,1,3,0,7.8
1679,9.91307841766494,15,0,2,0,4.51
1680,8.422378088681633,27,0,2,1,1.7
1681,8.210455687028556,1,0,2,1,7.25
1682,4.62697426400301,14,0,3,0,4.33
1683,2.7274221005891675,0,1,0,1,8.9
1684,3.9337711646242624,8,1,3,0,6.32
1685,1.106647743266922,15,1,2,0,3.98
1686,3.962614836471541,3,0,1,0,5.94
1687,0.1840179525075891,11,1,0,1,4.53
1688,12.545168012719564,0,0,1,0,7.07
1689,6.327508147753658,0,1,2,0,7.62
1690,19.46289422853817,6,1,3,1,9.06
1691,3.874341015525957,17,0,2,0,2.32
1692,6.916571406191878,22,0,2,1,3.33
1693,7.156823172830665,27,0,4,1,1.95
1694,0.1690299212492108,22,0,1,1,2.2
1695,16.78415906078918,14,1,1,0,6.0
1696,0.6398892028864944,25,0,2,0,1.9
1697,18.803596694584822,29,0,3,1,2.57
1698,17.841487021872414,24,0,3,0,3.61
1699,10.710438321719272,12,1,2,0,5.54
1700,10.871911498225842,15,0,4,0,6.28
1701,13.075558459123126,6,0,3,0,6.73
1702,7.7410002386977395,15,0,0,1,4.01
1703,12.94444566795711,12,0,3,1,6.77
1704,0.8953677737697374,13,0,0,0,3.82
1705,1.0809525469945314,16,1,3,0,4.45
1706,9.144608392390888,11,0,1,1,5.3
1707,10.9924460221207,28,0,3,0,1.01
1708,17.75635280671638,23,0,2,1,2.81
1709,2.093212678157925,23,0,3,0,2.18
1710,16.452958543877788,19,0,2,1,4.56
1711,4.200946745841392,12,0,3,1,5.58
1712,7.881672970200637,23,0,1,0,2.42
1713,6.332048696548258,19,0,4,0,4.23
1714,8.00310545730798,14,0,3,0,5.17
1715,3.009909961451711,23,1,1,1,2.64
1716,10.0714014880711,20,0,4,0,3.3
1717,16.032851796627344,3,1,2,1,8.79
1718,8.830680207577938,21,1,3,0,2.62
1719,9.812271517963982,1,0,3,1,8.72
1720,16.975351705626284,27,1,0,1,1.47
1721,14.121162292760616,17,0,4,0,5.9
1722,9.809088170395697,1,0,2,0,7.88
1723,5.153912963783593,24,0,1,0,1.47
1724,17.698534936899332,14,0,3,1,6.67
1725,11.540408033811168,29,0,3,0,0.76
1726,4.422952202213867,25,0,0,0,0.7
1727,5.382395052760208,18,0,1,1,2.18
1728,16.06266177872492,14,0,3,0,5.83
1729,0.8829112417491092,25,0,0,1,0.8
1730,19.8418437405764,19,0,4,0,4.48
1731,2.607033594295836,9,0,3,0,6.43
1732,15.921370507938748,27,0,2,0,2.71
1733,7.895506335433657,23,0,2,1,2.72
1734,9.844323665749338,19,0,2,0,2.51
1735,17.613011549291556,10,1,2,1,7.06
1736,8.258223791784264,25,1,3,0,3.41
1737,10.74987507346469,9,0,4,0,6.52
1738,0.9859932481833988,28,1,2,1,1.42
1739,0.046949477349063,22,0,2,0,1.43
1740,4.895997460034518,4,0,1,0,5.65
1741,13.611661858375346,8,1,3,0,7.1
1742,2.425297867182734,19,0,3,1,4.21
1743,2.2752391760909885,18,1,3,1,4.3
1744,8.219212160718065,12,0,0,0,3.84
1745,12.95674077216453,17,0,3,0,5.16
1746,14.24143984495861,16,0,2,1,4.7
1747,3.569013481967496,26,0,3,1,2.16
1748,1.591762947440849,5,0,3,0,6.28
1749,18.807940678910885,9,0,3,1,6.93
1750,5.213327651242034,1,1,2,0,7.22
1751,17.066929952174476,23,0,3,0,3.34
1752,17.269829009256366,5,0,0,0,5.93
1753,15.450451835250888,27,0,3,0,2.14
1754,3.3766721330514016,27,1,0,0,0.81
1755,16.436029185084006,20,0,2,1,4.59
1756,15.385011184831734,12,0,1,0,4.98
1757,11.934459802124342,17,1,3,0,5.57
1758,6.744040703379055,6,0,2,0,6.52
1759,5.250172085330882,1,0,3,1,8.52
1760,2.4377842416071798,28,1,3,1,2.17
1761,10.195141338017429,13,1,3,0,5.42
1762,11.705217510196931,4,0,1,0,6.06
1763,7.186779810315745,17,0,3,0,3.77
1764,9.507181353617373,10,1,2,0,6.11
1765,7.270289147385334,9,0,0,0,5.01
1766,12.820121146414024,10,1,1,0,6.16
1767,18.025184155931267,26,0,1,1,2.11
1768,3.278405240938897,1,0,0,0,6.83
1769,7.628176198062468,14,0,2,0,4.34
1770,2.8173720790172263,6,1,0,0,6.47
1771,12.49887540815664,8,1,2,1,6.86
1772,14.577410189771916,4,0,1,0,6.24
1773,18.63825465194912,6,1,1,0,7.13
1774,5.577438525219298,19,0,4,1,3.98
1775,19.004224117308603,1,0,2,0,8.02
1776,1.265253436413496,2,1,1,0,7.82
1777,12.060277267291765,1,1,2,0,8.63
1778,1.1426543868665997,20,1,1,1,2.06
1779,17.875483755238896,21,1,0,0,3.04
1780,10.596181141401082,22,0,0,1,1.91
1781,13.38696701525592,18,0,4,0,5.36
1782,16.63147851820905,3,1,3,0,8.25
1783,3.006212449679375,23,0,3,1,2.93
1784,0.7718312387626769,19,0,4,0,3.56
1785,17.577622918257042,6,0,4,0,7.26
1786,6.29866454917865,27,0,3,0,1.73
1787,2.5795781585433053,21,1,3,1,4.72
1788,9.36922474174173,6,0,2,0,6.59
1789,11.966121513920376,16,1,1,0,3.75
1790,0.6194120684502025,18,0,2,0,3.09
1791,5.497913165141755,21,0,2,0,1.51
1792,0.6559974855379203,15,0,4,0,3.47
1793,8.40670778390998,2,0,2,0,8.25
1794,17.902000581324884,14,0,3,0,5.42
1795,19.653048229871384,13,0,2,1,6.99
1796,12.740951070072551,14,0,1,0,4.29
1797,3.232753875691836,13,0,2,0,4.22
1798,18.11698779998612,6,0,2,1,7.38
1799,10.32495646400121,24,0,2,1,2.41
1800,3.074986242058362,2,0,2,1,8.34
1801,18.434533389033227,29,0,1,0,1.11
1802,15.14938101446206,16,1,2,1,4.89
1803,14.63410545446303,9,0,3,1,7.13
1804,14.183614075888094,14,1,2,0,5.93
1805,4.006796421928847,28,1,2,0,0.38
1806,4.220133834150522,5,0,0,0,5.31
1807,13.7658599685451,27,1,1,1,2.31
1808,4.394455002207938,16,0,2,0,3.57
1809,8.773433936060977,16,1,2,0,4.73
1810,15.640036511878828,13,1,2,0,4.85
1811,15.679050361956818,23,0,3,1,3.78
1812,9.065235450517193,24,0,1,0,2.06
1813,15.843798765504902,17,0,0,1,4.41
1814,16.772435923961137,24,0,2,1,3.24
1815,13.095515025685206,4,0,2,0,6.18
1816,4.568517046168403,28,0,2,0,0.05
1817,5.48023560771095,7,0,3,0,5.51
1818,6.296823108174707,6,0,3,1,7.6
1819,2.33608215467904,22,1,1,1,2.67
1820,5.463192407398902,3,1,4,1,9.85
1821,4.190384486250642,17,0,1,0,3.71
1822,9.106574996172045,4,0,3,0,7.61
1823,18.168750957445297,15,0,3,0,5.26
1824,2.0896063350791616,13,0,3,0,4.47
1825,14.405358478947912,26,1,1,1,2.75
1826,13.745660088262554,26,0,2,0,2.14
1827,1.9150839732671527,18,0,2,0,3.0
1828,18.451448098116,13,1,1,0,6.48
1829,11.369444043136392,8,1,0,0,5.71
1830,7.274510422713685,5,0,2,0,6.89
1831,15.130771669906132,16,0,2,0,4.8
1832,5.147309168032681,18,0,3,1,3.96
1833,13.870196740926408,11,0,1,0,4.31
1834,0.7942241514449444,3,1,3,1,7.19
1835,16.78816075218544,15,0,1,0,4.72
1836,8.96341694042637,24,0,3,1,3.42
1837,12.733858287158837,10,1,2,0,6.38
1838,4.424756396133674,21,1,2,1,4.86
1839,13.54147425316896,3,1,3,1,8.28
1840,15.444805517865532,16,0,1,0,3.55
1841,9.464263737687975,7,0,1,0,5.88
1842,12.354538481235886,13,0,2,0,4.38
1843,9.126518476447972,26,0,1,1,1.28
1844,17.88182738515691,1,0,2,0,7.55
1845,9.957383610286383,10,0,1,0,4.59
1846,16.83617418057638,10,0,3,0,5.69
1847,16.02704116540497,23,1,3,1,4.42
1848,8.21009642696713,21,0,0,1,3.38
1849,4.6016898371495,23,1,3,0,2.59
1850,8.121642651195419,5,0,2,0,6.9
1851,16.524347515504402,20,1,2,1,4.47
1852,4.552650716387847,20,0,2,1,3.06
1853,10.488726917154986,13,1,3,0,6.11
1854,16.12193495921495,29,0,2,0,0.91
1855,7.069549502567575,9,0,3,1,5.63
1856,12.844192740053948,25,1,1,0,2.25
1857,4.912631480976291,26,0,4,0,1.64
1858,2.1855889073631984,7,0,3,1,5.47
1859,15.887684501857128,6,1,1,0,7.21
1860,1.9793724681741365,7,1,3,1,7.19
1861,5.427627901591691,27,0,2,0,0.03
1862,17.1021884399488,7,0,1,1,6.46
1863,6.929385741573344,22,0,1,0,2.9
1864,19.46090699028322,1,0,0,1,8.25
1865,19.594686695477197,26,1,3,0,3.76
1866,5.365520409071134,15,0,2,0,3.46
1867,0.819564444997809,8,0,2,0,5.6
1868,14.101265684107585,12,1,1,1,5.29
1869,9.019730052966874,22,0,2,0,2.59
1870,2.0150568791915258,11,0,2,0,4.04
1871,14.150456379560856,26,0,3,0,2.16
1872,0.6234981822384245,21,0,4,0,3.3
1873,17.403933809844844,24,0,2,1,3.15
1874,2.7730505822660745,28,0,2,1,0.2
1875,2.5462375749345,16,0,2,0,4.22
1876,3.5134459593716905,26,0,3,0,1.15
1877,19.205327169841333,1,0,1,1,8.94
1878,13.86338720507692,12,0,2,1,5.22
1879,16.027430709272735,0,0,3,1,8.42
1880,7.95269971465506,25,0,0,0,0.0
1881,6.726254550099111,27,0,1,0,0.24
1882,4.689680135663399,18,0,3,0,3.51
1883,9.612960566248178,10,0,1,0,4.7
1884,11.03657467068337,4,0,2,1,7.18
1885,12.635496873055107,0,1,2,0,9.27
1886,5.14237007997389,19,0,2,0,2.94
1887,18.97308161805981,29,1,1,1,2.49
1888,3.395169964142717,12,1,4,0,6.32
1889,19.313063495328247,7,0,0,1,6.49
1890,0.2971224501500757,5,0,3,0,6.15
1891,9.622513836336912,28,1,0,0,1.37
1892,6.667356762331256,16,0,2,0,4.51
1893,8.982468278605015,11,1,1,0,5.77
1894,11.41329157961578,0,0,1,0,7.73
1895,8.71178316025418,2,0,1,0,6.54
1896,8.2969370060319,13,0,2,0,5.69
1897,14.65446830826613,25,0,2,1,2.63
1898,13.717525501729291,7,0,1,0,6.87
1899,16.665425640716958,10,0,4,0,6.55
1900,4.999179624789911,26,1,1,0,0.61
1901,12.190570195081271,13,1,2,0,5.49
1902,11.703895707857075,7,0,1,0,6.6
1903,7.394756217453775,28,1,2,0,2.08
1904,9.721150838053616,2,1,3,0,8.51
1905,6.275642866114575,6,1,2,0,6.54
1906,2.836887952339704,27,0,1,0,0.85
1907,4.276024213254656,18,1,1,1,4.24
1908,2.1102729280240218,3,0,3,0,5.89
1909,13.661391503802482,24,0,1,0,2.11
1910,13.21454786218303,15,1,2,1,5.62
1911,19.012127431597456,12,0,1,1,6.2
1912,14.593568272944824,19,0,1,1,3.44
1913,1.040916775122629,18,1,1,0,3.39
1914,17.684903478579084,4,0,3,1,7.65
1915,17.253503258914517,22,1,3,1,3.89
1916,8.866406415453973,4,1,2,1,8.05
1917,11.717261010558431,19,0,1,0,2.88
1918,19.521566649450374,23,0,2,0,3.3
1919,10.646087276963325,3,1,2,1,8.73
1920,18.1064365675218,1,0,2,0,9.67
1921,1.6607751562037287,25,1,0,0,0.43
1922,3.821037374173657,12,1,4,0,5.49
1923,8.815098868826357,29,0,2,0,0.05
1924,11.695136166746094,15,0,4,0,5.97
1925,16.324557037256003,21,1,0,0,3.4
1926,19.765242302863737,1,0,1,1,8.78
1927,7.777029929482328,18,0,1,0,3.59
1928,0.9483127228016984,16,1,3,0,4.51
1929,16.023430065906496,4,1,2,1,8.16
1930,12.087614381656165,24,0,3,0,2.92
1931,3.970857177364033,17,0,3,0,3.5
1932,9.896569132428404,27,0,3,0,1.37
1933,14.846204910674489,22,1,3,0,3.79
1934,15.408235741372875,20,1,3,0,5.08
1935,9.99236823997524,17,1,3,1,5.72
1936,6.104290602577183,7,0,2,1,5.22
1937,19.47485164076987,26,1,3,1,4.17
1938,13.267252219129857,14,1,3,0,6.49
1939,8.164750386925974,12,0,2,0,4.88
1940,5.609264484093048,12,0,4,0,5.26
1941,14.622059660071242,15,1,0,0,3.45
1942,4.843668911875354,21,0,2,0,1.68
1943,3.4341997794737638,19,0,1,1,2.85
1944,10.596677779241404,12,0,1,0,4.05
1945,5.799747852882837,19,0,3,0,2.81
1946,12.5781028984723,1,0,4,0,8.51
1947,2.3587734974846697,2,0,3,0,6.71
1948,13.098822091346433,14,1,4,1,7.49
1949,5.665930559954044,22,1,1,1,3.21
1950,0.0048586886902546,18,1,1,0,3.0
1951,2.5387211534835274,12,0,2,0,4.95
1952,18.67230755670188,4,1,3,1,9.59
1953,17.347092782307158,25,1,0,1,2.95
1954,4.672180640724736,21,0,4,1,3.85
1955,15.567438090909825,5,0,3,0,7.9
1956,12.171431863479484,13,0,4,0,4.38
1957,19.41809422899739,3,1,2,0,7.61
1958,7.472113190681182,21,0,2,0,2.91
1959,13.629212250343423,18,1,3,1,4.46
1960,1.2707144484783717,22,0,3,0,2.1
1961,7.924946936328119,6,0,1,0,5.99
1962,19.27635322376361,3,1,4,0,8.94
1963,10.779617489002412,1,0,3,1,8.06
1964,5.757590066696892,26,0,0,0,0.0
1965,2.405419262572137,6,1,1,0,7.02
1966,14.070566803630609,2,1,2,1,8.55
1967,12.897120868594536,14,0,2,0,5.26
1968,7.478774272075492,0,0,3,0,7.9
1969,19.018827037316687,1,0,0,0,7.48
1970,0.4440562597570063,9,1,3,1,6.23
1971,6.074477032636516,15,0,3,1,5.33
1972,18.421389725991627,24,0,1,1,2.1
1973,6.418708766388807,27,0,2,1,1.69
1974,5.045056677103408,14,1,1,1,4.34
1975,10.684408198624949,23,1,1,1,3.14
1976,16.476034998410757,14,1,2,0,4.81
1977,2.062935217567221,13,0,4,1,5.48
1978,18.860414192914725,21,1,1,0,4.39
1979,15.90145762362328,13,0,2,1,4.81
1980,3.625005111031039,5,0,1,1,7.02
1981,14.240159223963254,13,1,1,0,5.35
1982,7.6991744527511425,16,0,2,0,3.41
1983,8.045893561526373,17,0,3,0,4.31
1984,15.665801848777328,19,1,0,0,2.98
1985,19.255696159614644,18,0,4,0,3.84
1986,2.5331174569438786,29,0,0,0,0.29
1987,8.412604737576387,16,0,3,0,3.91
1988,9.61883216168607,15,0,3,1,5.24
1989,7.526236339099952,7,1,2,0,7.52
1990,7.2637824743245,6,0,1,0,5.18
1991,1.0453733512319308,19,1,2,0,4.37
1992,13.710772411252464,27,0,3,1,2.7
1993,8.724288342400907,11,0,3,0,5.68
1994,3.8958760528785352,8,0,2,0,5.29
1995,16.320670046041368,26,1,2,0,1.86
1996,16.051214963032557,13,0,3,0,4.73
1997,9.727832561777875,19,1,4,0,3.97
1998,5.96901322295521,0,0,3,0,8.78
1999,12.761854515929048,9,1,3,0,6.57
2000,5.763042715548061,16,1,2,1,4.59
2001,4.720158606474241,16,1,3,1,4.59
2002,14.610293080526532,16,1,3,0,4.42
2003,0.806504794419014,3,0,3,1,8.0
2004,1.8953694206918792,16,1,2,0,3.16
2005,0.1357634804717955,17,0,2,0,3.57
2006,3.058863729508523,19,0,2,0,2.68
2007,1.3798001742091892,22,0,2,0,2.08
2008,19.916047355598373,1,0,2,0,7.83
2009,5.776199399081792,7,0,3,1,6.34
2010,2.985360253384945,12,0,2,1,4.18
2011,4.819925159918359,22,0,1,0,2.04
2012,18.72251143080269,24,0,3,0,2.83
2013,10.403204460487911,29,0,3,0,0.83
2014,7.296361926157138,21,1,2,0,3.72
2015,17.467829158184387,19,1,1,0,4.21
2016,7.899805410980649,21,1,4,1,4.8
2017,6.700171399153916,14,0,3,0,4.85
2018,4.145650450994712,19,0,1,1,2.66
2019,7.555936478188229,22,1,0,0,2.42
2020,6.333687120338521,8,1,2,1,6.72
2021,13.54607918596282,2,1,3,1,8.8
2022,5.791654093414542,2,0,1,1,7.04
2023,11.543994928451228,1,0,2,1,8.72
2024,1.317843300639454,0,1,2,0,8.98
2025,3.8257831339302872,13,0,3,0,3.95
2026,8.148105432226975,16,0,2,1,4.72
2027,18.738985078173908,12,1,2,0,5.92
2028,7.545039714313908,18,1,4,1,6.09
2029,13.281482423996682,29,0,1,0,0.98
2030,5.101744448427963,22,0,1,0,1.78
2031,2.5406715194646345,14,1,3,0,6.44
2032,1.1707320016010023,26,0,1,1,1.75
2033,6.1082699708550265,24,1,3,1,3.97
2034,3.1532205359381598,13,1,0,0,5.15
2035,3.480208960322484,1,1,1,0,7.82
2036,15.215186167739,6,1,4,1,8.85
2037,0.3167614188974843,16,0,2,1,5.15
2038,11.156202514708689,17,0,3,0,4.39
2039,7.589227611869296,5,0,1,1,6.56
2040,10.130999998170944,26,0,1,0,0.66
2041,11.256604744292058,20,0,3,0,4.26
2042,6.267353889145564,7,0,2,0,5.26
2043,5.902177203685706,27,1,2,1,2.09
2044,14.668036986698114,26,0,0,1,1.39
2045,17.425539762423142,1,0,2,1,8.38
2046,3.8516326491705577,0,0,3,1,8.2
2047,1.952375210702979,15,0,3,0,3.89
2048,17.955916127840517,6,0,3,1,7.12
2049,6.9979092729479735,21,0,3,0,2.84
2050,11.026347813256285,23,0,2,1,3.48
2051,7.190862890400069,10,1,2,0,5.46
2052,2.5160467269210263,14,1,3,1,5.63
2053,11.78663289895456,12,1,1,1,5.64
2054,10.502817035392592,29,0,1,1,0.98
2055,4.059871183823944,23,0,4,1,3.71
2056,9.037380893045556,1,0,0,0,6.68
2057,15.938950080312916,13,0,1,1,4.58
2058,11.808522062157827,23,0,2,0,1.9
2059,1.938346541339897,5,0,3,1,7.35
2060,10.9604299445827,8,1,2,1,7.64
2061,14.054765985791738,27,0,2,0,2.29
2062,15.854068115615028,6,0,4,1,8.65
2063,12.582351572685337,17,0,3,0,4.6
2064,3.0531632908156747,23,0,3,1,2.96
2065,14.203465331803214,8,1,0,1,6.06
2066,13.546836921630328,22,0,1,0,2.28
2067,0.4885376588126644,3,0,2,0,7.68
2068,8.234953351804863,8,0,1,0,5.42
2069,6.659004939247466,3,0,0,1,6.38
2070,13.38824128507287,11,0,1,1,6.12
2071,4.322716246218414,3,1,2,0,8.66
2072,11.817438459485173,24,1,3,1,3.61
2073,18.26411923628345,29,1,3,0,2.28
2074,15.956047444172157,23,0,0,0,2.31
2075,18.42915472433061,19,0,2,0,4.61
2076,19.5701193386538,13,0,1,0,5.24
2077,0.2134025401232553,23,1,2,0,2.19
2078,12.454825527549552,23,1,2,0,3.62
2079,8.25678795517813,6,1,2,0,7.7
2080,17.197089806702436,25,0,3,1,2.8
2081,5.036294040182634,12,0,3,0,5.16
2082,19.62058978230152,21,0,3,0,3.91
2083,12.274159390874946,7,0,3,0,6.23
2084,15.87074804457662,22,0,3,0,2.75
2085,1.7119910564553664,4,0,3,0,6.73
2086,3.669157695177301,11,1,2,0,4.21
2087,15.168073460684065,12,0,2,1,6.06
2088,0.4397304407864721,28,0,3,1,1.01
2089,16.337559717875656,19,0,0,0,1.63
2090,0.278980373838229,13,0,3,0,4.49
2091,13.142376781225469,27,1,4,0,2.41
2092,7.301878404636117,17,0,3,0,4.83
2093,12.229897054383985,26,0,0,1,2.49
2094,13.920628139782274,23,1,2,1,3.39
2095,6.849504383726083,24,0,3,1,1.76
2096,2.159248962216711,19,0,4,0,3.81
2097,1.3929173549653129,3,1,2,1,8.4
2098,11.778720451250956,20,1,3,0,4.41
2099,10.41310707468223,17,0,3,0,4.47
2100,14.84402018242265,6,0,1,0,7.89
2101,10.194710200078742,14,0,3,1,5.01
2102,8.448915800617582,20,1,2,1,4.3
2103,7.9617435647246175,5,0,2,0,7.82
2104,0.5289380519533493,15,1,2,0,3.6
2105,6.711144033933143,19,1,3,1,4.05
2106,19.520403150489884,23,1,3,1,5.49
2107,17.471111524541776,7,0,2,0,7.76
2108,6.587561340684354,27,0,3,1,1.18
2109,11.755908101327444,20,0,3,0,2.61
2110,16.94593491070988,15,1,3,1,5.96
2111,8.825486735001373,27,0,2,0,0.68
2112,0.3591572750030192,21,0,0,0,1.1
2113,1.4902092363728014,15,0,2,1,3.9
2114,10.207854426974132,2,0,3,1,9.2
2115,19.388787513517567,16,0,1,0,5.28
2116,13.864190844377354,8,0,4,0,8.23
2117,1.4183238287713906,24,0,3,0,1.07
2118,3.787217515837256,2,0,3,0,7.12
2119,15.426462864337,19,0,3,1,4.43
2120,16.828795199124894,28,1,2,0,1.99
2121,12.353891723771817,6,1,3,1,8.8
2122,12.888463392596332,17,0,2,0,3.98
2123,0.5667490076676929,11,0,3,1,4.66
2124,16.57060519163017,18,1,3,0,6.03
2125,15.765504163416592,15,0,3,0,5.34
2126,5.180702882066943,21,0,3,0,2.68
2127,14.17353439931014,26,0,0,1,0.78
2128,4.297092128499962,23,0,0,0,1.26
2129,0.8066032210302598,16,0,3,0,3.73
2130,4.0227308518075455,19,1,1,1,2.19
2131,3.57257753508599,14,1,2,1,5.13
2132,6.754959934696945,0,0,2,1,8.24
2133,8.368989943509161,1,0,0,0,6.52
2134,10.170777829954158,7,0,0,0,5.52
2135,9.535077510166564,21,0,3,1,4.07
2136,5.413492119305787,24,0,3,0,1.23
2137,0.5834133714814893,1,0,2,0,8.01
2138,12.102032444743012,18,1,4,0,5.17
2139,7.914896596947088,8,0,1,1,5.7
2140,5.973443147750994,8,1,1,0,6.21
2141,17.338820856610248,12,0,3,1,6.56
2142,14.934866155963196,5,0,3,0,8.38
2143,17.155310967448845,29,0,2,1,2.1
2144,9.89965589424922,14,0,4,1,5.93
2145,2.618625042535549,18,1,4,0,4.81
2146,13.924428722425448,20,0,0,0,2.52
2147,4.121475598743505,14,0,1,1,3.88
2148,8.824593381834337,17,0,3,0,3.12
2149,1.30001577897777,6,0,2,1,6.15
2150,16.50616804845965,25,0,0,1,2.41
2151,2.518812820950012,10,0,3,0,5.21
2152,18.061950140986195,7,1,2,0,7.36
2153,17.284612045231142,5,1,2,0,7.95
2154,9.291655288784922,7,0,1,1,6.57
2155,14.887364086079812,1,0,3,0,7.77
2156,12.388901476363063,18,0,2,1,3.56
2157,16.061512846754898,15,0,1,1,5.15
2158,8.63610201571824,6,1,2,0,7.29
2159,15.716169684887,9,1,2,0,7.96
2160,9.24913634130296,11,0,4,0,6.51
2161,18.819315756855875,16,0,4,1,5.87
2162,9.727442016502952,6,1,1,0,5.6
2163,9.25238543867459,21,1,3,0,4.38
2164,15.701437231270257,7,0,3,1,7.38
2165,16.43155383521676,6,0,3,0,7.68
2166,11.089782286423414,3,0,2,0,7.02
2167,3.595956269901508,2,1,0,0,6.61
2168,9.35516461915159,18,0,3,1,3.49
2169,19.36145005819357,14,1,1,0,6.1
2170,15.059723860783702,3,0,1,0,6.57
2171,16.223252077582643,24,0,3,1,3.67
2172,0.6565099763848026,8,0,4,0,5.95
2173,9.3571892526832,12,1,1,1,5.76
2174,12.932422673151107,17,0,3,0,3.99
2175,16.600653672561492,20,1,2,0,4.21
2176,0.9854730716554294,15,0,3,0,4.74
2177,17.048777712837463,0,1,2,0,8.74
2178,10.968018734838234,3,1,1,0,8.4
2179,3.946279411521199,17,0,1,0,2.05
2180,6.345104328994,7,1,2,0,6.6
2181,5.638591035031215,19,0,1,0,2.24
2182,10.617180685769515,15,0,0,0,4.19
2183,1.0337135982226364,20,0,3,0,2.27
2184,3.1707231699984706,10,1,2,0,6.05
2185,16.253860867515648,19,1,3,1,5.33
2186,2.652079814936221,20,0,1,0,2.58
2187,4.667925389162539,20,1,3,0,3.77
2188,9.067412112083147,20,0,2,1,4.47
2189,10.34241776226661,26,1,0,0,1.49
2190,15.272209592283172,18,0,2,0,3.54
2191,8.946648533323756,22,0,0,0,3.11
2192,15.797292420710775,18,0,3,1,4.84
2193,12.366926140909149,17,0,3,0,5.79
2194,2.261994788476449,18,0,2,1,4.55
2195,3.126628767856772,10,0,1,1,5.91
2196,8.740674508995417,2,0,1,0,6.98
2197,7.937787861780792,7,1,2,1,7.39
2198,14.870885392745892,19,0,3,0,4.53
2199,11.614742795947038,18,1,1,0,2.85
2200,7.762661620044986,9,0,0,0,5.74
2201,3.4152056690077126,15,0,2,1,4.19
2202,4.536742046509903,4,0,2,0,6.88
2203,11.51002036938118,19,1,1,0,3.0
2204,8.46877609799585,8,1,2,1,7.25
2205,10.29855017721344,7,0,2,1,6.69
2206,3.4135487060446734,10,0,2,1,5.74
2207,13.258125046891315,15,0,2,0,3.63
2208,17.05077481711934,6,0,3,0,7.45
2209,5.158790135738012,14,1,0,0,3.54
2210,9.830284516636532,23,0,1,1,2.32
2211,19.51054658041804,28,0,2,0,2.46
2212,6.664834811014552,20,1,2,1,3.46
2213,11.900926898475223,19,1,2,0,4.66
2214,1.8039140040048876,22,0,3,1,3.07
2215,12.120300049588865,16,0,3,1,5.34
2216,1.7926354660923582,5,0,1,1,6.09
2217,19.18470870647644,14,0,3,0,5.64
2218,14.313253041446227,7,0,2,0,6.72
2219,15.763195762714128,6,1,1,0,7.83
2220,14.082087215432736,1,1,4,0,9.43
2221,11.794580721529314,29,0,3,0,2.0
2222,8.998255621710108,12,0,4,1,7.41
2223,17.167467595221247,29,0,1,0,1.76
2224,19.13671335086126,22,0,1,1,2.98
2225,9.980723458081629,28,0,2,0,0.75
2226,18.63070098310524,5,0,3,0,8.25
2227,11.66665819977035,28,0,1,0,0.53
2228,10.767683737928664,4,0,3,1,8.82
2229,9.089654659107133,19,0,2,0,4.03
2230,4.185755230602397,0,0,2,1,8.36
2231,0.0743932163611837,28,0,3,0,0.07
2232,4.830124537121225,17,0,3,1,4.09
2233,10.194463432071304,14,0,0,0,4.27
2234,7.599199045195051,22,0,4,0,3.71
2235,8.969704560052676,9,0,2,1,7.5
2236,19.61296439128099,2,1,0,1,8.79
2237,7.005447413386552,4,0,3,0,7.3
2238,9.043658787202158,23,0,4,1,3.41
2239,2.6703110270563912,28,0,3,0,0.51
2240,0.9591546487397528,12,0,3,1,5.58
2241,15.508190291849893,7,1,3,0,7.9
2242,11.413663501439572,21,1,4,0,4.99
2243,15.2140961208779,20,0,0,0,2.5
2244,2.9972559777310326,28,0,3,1,1.3
2245,11.43657542365382,1,0,3,1,8.66
2246,5.072849486827511,8,0,0,0,4.97
2247,4.561236338000398,16,0,2,1,4.2
2248,0.2305202810597051,26,0,2,0,0.28
2249,2.606814471381438,17,0,3,1,4.77
2250,6.185362229993907,12,0,0,0,2.99
2251,2.337575211818781,0,1,3,0,8.04
2252,19.71716880821875,11,0,1,0,5.48
2253,6.172652970479014,19,0,2,0,2.88
2254,2.6064789340465637,19,0,3,0,1.73
2255,3.981646256559155,20,0,2,1,3.8
2256,11.75406456682953,4,1,2,0,7.92
2257,1.2808704772957702,7,0,0,1,4.52
2258,17.248682602823138,26,1,3,1,2.79
2259,19.229993584742942,14,0,4,0,5.01
2260,4.934948413347618,26,1,4,0,2.22
2261,9.001905371817188,2,1,3,1,9.96
2262,0.4426890205899414,5,0,1,1,5.81
2263,12.81420449454443,27,0,1,1,1.53
2264,8.278521161051778,12,1,1,1,6.78
2265,5.401169322031114,11,0,2,0,5.24
2266,4.1367422123321695,18,0,1,1,2.96
2267,13.080461553175208,28,0,1,0,1.4
2268,8.32434062064629,17,0,3,0,2.92
2269,3.5931857805982403,23,0,2,1,2.31
2270,13.78218162973648,0,0,3,1,9.6
2271,11.301445660733872,24,0,4,1,3.03
2272,17.173441098589922,26,0,3,0,2.41
2273,2.349517977529858,6,1,3,1,6.26
2274,15.713332038889122,11,0,3,1,6.14
2275,13.47033573634518,9,1,2,1,6.62
2276,2.3002187365619564,28,1,0,0,0.95
2277,13.896414597434417,11,1,0,1,5.99
2278,8.830945777596607,10,1,1,0,6.49
2279,18.899695711116863,3,1,3,1,10.0
2280,2.8322270123579862,18,1,4,1,3.55
2281,12.85666781631476,5,0,4,1,8.58
2282,7.6396009092589185,24,0,0,0,0.32
2283,19.136293411817554,8,1,4,0,7.32
2284,6.59949790580553,19,0,2,0,2.37
2285,19.243718189836,9,1,3,0,7.5
2286,18.02971702201498,4,1,1,1,7.64
2287,5.407664706213127,26,0,0,0,0.0
2288,16.070835536528556,12,1,2,0,6.86
2289,19.91208403607012,8,0,3,1,8.04
2290,5.053260043425647,1,0,1,0,8.54
2291,8.735543386466393,17,0,1,1,3.67
2292,10.403614731335193,20,0,4,0,3.88
2293,5.898622716077286,0,0,4,0,8.87
2294,0.3052967929205952,23,0,0,1,0.48
2295,4.402584883950533,20,0,3,0,3.37
2296,5.638737686835169,11,1,2,0,5.36
2297,8.871994026363744,9,0,2,0,6.18
2298,3.4220495682680374,1,0,2,0,8.01
2299,17.465087133833453,27,0,2,1,1.14
2300,14.098222654626722,8,1,2,1,7.02
2301,1.7040095511932396,1,1,2,0,7.49
2302,13.001849022798629,22,0,2,1,2.94
2303,13.073129528112409,23,0,3,1,4.17
2304,19.124423472872557,29,1,3,1,4.06
2305,0.0604174271232249,21,0,2,0,1.29
2306,4.958648996116144,13,0,1,1,4.87
2307,18.55582958750631,10,0,3,0,7.04
2308,18.64267830796566,22,0,3,1,3.12
2309,14.411728387412747,10,1,3,1,6.9
2310,15.3152664209508,16,0,2,0,4.8
2311,1.8296591585929425,3,0,1,0,6.83
2312,10.277516695564673,12,0,3,0,5.57
2313,4.631659825779988,6,1,2,0,6.53
2314,3.624360872272345,15,1,4,0,5.49
2315,16.20606598246665,0,1,3,1,8.34
2316,2.7007627336109485,12,0,1,0,4.3
2317,9.373032739927703,0,0,2,0,8.22
2318,18.77156479172066,10,1,3,0,6.4
2319,3.716641111306851,5,0,2,0,5.9
2320,19.55986847476469,19,1,2,0,3.74
2321,19.88575971522118,2,0,3,1,8.79
2322,11.112343093648056,11,0,3,0,6.01
2323,3.4028548035431583,4,0,1,1,6.29
2324,6.322097758817913,8,1,2,0,6.09
2325,8.489856653530703,25,1,4,1,3.21
2326,6.186484487164458,25,0,4,0,2.75
2327,5.612711597530316,11,0,3,1,5.48
2328,19.44459418432715,29,1,4,1,3.96
2329,3.067296548314913,29,0,2,1,1.19
2330,14.666558174337244,27,1,2,1,3.02
2331,0.0082057887834974,26,0,2,1,0.66
2332,11.923653388047535,9,0,1,1,6.77
2333,18.31886007908105,18,0,2,1,3.83
2334,5.75868188186438,4,0,2,1,7.82
2335,3.710519505154384,25,0,3,1,2.51
2336,13.03359589756854,4,0,3,0,8.42
2337,14.252028145967865,8,0,3,0,6.98
2338,13.760610379039626,26,0,2,1,1.68
2339,6.386337600427481,27,0,1,0,0.84
2340,5.044048043186617,25,1,2,1,2.22
2341,19.11837599924088,26,0,3,0,3.77
2342,18.46599016539859,19,0,1,0,4.26
2343,9.146332197856406,16,0,2,1,4.93
2344,16.923877323087467,9,0,2,0,6.57
2345,9.04646955268592,20,1,3,0,4.18
2346,8.487780361450207,0,0,3,0,7.73
2347,3.135258951985893,21,1,3,0,4.11
2348,8.528121129839457,27,0,2,1,0.85
2349,10.74833877199614,15,0,2,0,4.82
2350,0.4500865485737293,25,0,1,1,1.12
2351,8.882260103508129,25,1,1,0,1.77
2352,15.627124367904006,14,1,1,1,4.37
2353,13.600921127485396,22,0,1,0,2.43
2354,12.7031397772787,16,1,1,0,4.84
2355,18.19110856874405,25,0,1,0,1.73
2356,0.3606401965046002,19,1,1,0,1.83
2357,11.140951723844683,24,0,3,0,1.71
2358,15.746976968194142,12,0,4,1,7.56
2359,10.826707654025345,0,0,3,0,9.32
2360,6.477911051607583,24,1,0,0,2.1
2361,2.725011301839557,7,1,2,0,6.46
2362,17.751261436323826,4,1,3,1,8.43
2363,9.41524784775206,5,1,1,0,7.65
2364,17.562303939714027,22,0,3,0,2.92
2365,11.717042448663369,19,1,2,0,3.37
2366,13.483842332300016,29,1,4,1,2.79
2367,16.085223087569002,13,0,3,1,6.45
2368,13.183110892002688,21,0,3,0,4.06
2369,7.961096813578754,22,0,3,0,2.34
2370,10.27266767857302,10,1,1,0,6.76
2371,16.060910493517596,5,1,1,1,7.41
2372,7.473005927459684,10,1,2,0,5.67
2373,7.762429135369942,12,1,1,1,4.38
2374,1.913802321160023,11,1,1,0,5.06
2375,18.291688704434957,21,1,2,0,4.2
2376,1.8207262989088344,1,1,3,0,9.15
2377,12.964183548971118,20,0,0,1,3.41
2378,8.263889576055954,2,0,1,1,7.03
2379,8.112387805108847,22,0,2,1,3.26
2380,13.59103673145368,3,1,2,0,8.46
2381,1.3418746525975744,16,0,1,0,3.45
2382,11.874115659028693,27,0,4,0,1.83
2383,15.440635719447096,27,0,2,0,1.0
2384,16.564255157731886,21,0,2,0,4.32
2385,3.410607787875506,5,0,0,0,6.54
2386,17.948381001563472,6,0,2,0,7.47
2387,13.122921836948844,14,0,3,0,5.32
2388,17.637096016413658,10,0,1,1,6.77
2389,9.705614342203964,23,0,2,0,2.04
2390,10.84066690194404,2,0,0,1,6.31
2391,18.38076554057342,29,0,4,0,2.27
2392,17.998190867093435,5,0,0,1,7.64
2393,8.96321746738004,25,0,3,0,2.09
2394,5.488252632713635,1,0,2,0,7.08
2395,7.863408691285283,28,1,2,1,1.96
2396,7.755286570594995,13,0,3,0,4.71
2397,5.73733749965588,8,0,1,1,6.75
2398,5.371592086659332,17,0,2,1,3.8
2399,17.22125872959439,18,0,2,0,4.7
2400,1.3972384136932336,11,0,0,1,5.09
2401,13.552223641991883,12,0,3,1,6.3
2402,3.456401029129046,25,0,0,0,0.34
2403,6.890117867881265,11,0,3,1,4.94
2404,1.2308606826967372,11,0,2,1,5.49
2405,5.399472737109241,17,1,1,0,4.29
2406,15.36842142234484,8,0,3,0,6.28
2407,17.700306490945174,16,1,2,0,6.09
2408,4.430543038047341,20,0,2,1,3.39
2409,9.270956785178438,15,0,2,1,3.86
2410,9.406480958744128,16,0,1,1,4.05
2411,17.471506115194686,20,1,3,0,5.05
2412,15.255981057516108,23,0,2,0,2.46
2413,10.261544367360996,7,0,1,1,5.16
2414,13.414944009435468,10,0,3,0,6.61
2415,16.947101078187337,23,0,0,1,3.37
2416,0.1907790805108988,1,1,1,1,7.64
2417,8.057800621000972,7,0,2,0,6.28
2418,18.144863345541573,11,0,3,0,5.85
2419,14.806260616879028,20,0,4,0,3.96
2420,10.856827486681492,0,0,3,1,8.91
2421,10.592890540702667,22,0,2,1,4.0
2422,6.955401952088756,12,0,3,1,6.59
2423,10.41041067283029,21,0,2,0,2.26
2424,13.107663989269064,20,1,1,0,3.94
2425,8.36726076857586,16,0,4,1,4.46
2426,14.28306292784348,13,1,1,0,4.7
2427,17.224644545207717,13,0,2,1,6.39
2428,3.093696963697224,15,0,3,0,3.94
2429,9.030940456348487,16,0,3,0,4.53
2430,8.160401825701623,5,1,0,0,6.46
2431,13.74929608099456,25,0,0,0,1.32
2432,4.997349305158587,27,0,2,1,1.79
2433,12.805018299045525,6,0,2,0,6.84
2434,17.54978483462976,25,1,2,1,3.18
2435,8.362631995872453,25,0,2,0,1.88
2436,18.2203139995844,0,0,4,0,9.38
2437,19.86327477866957,24,0,1,0,2.91
2438,2.121840998959041,14,1,2,0,4.68
2439,4.661063759697173,19,1,2,0,2.69
2440,19.007595029641863,20,0,1,1,3.28
2441,19.166553729627736,17,0,1,0,4.26
2442,1.95414550773517,29,1,4,0,1.35
2443,0.2999700075427336,27,1,3,0,0.85
2444,3.222000465128445,25,0,1,0,0.67
2445,19.92025566764497,12,1,3,0,6.26
2446,3.5999923322137373,23,0,1,1,1.33
2447,10.050952134440465,29,0,3,0,2.05
2448,16.96835452861022,1,1,0,0,8.52
2449,0.4080322137641268,18,0,3,1,3.38
2450,12.08977964516919,14,1,0,0,5.07
2451,5.540508977392486,11,0,2,0,4.44
2452,17.246698328794633,14,0,3,0,4.98
2453,5.669222985281584,24,1,1,0,1.89
2454,13.735114405638178,17,0,2,0,3.73
2455,13.48439264894794,13,0,0,1,5.39
2456,4.429870977192801,5,1,3,1,7.77
2457,0.6959839973670023,11,0,2,1,5.0
2458,8.184991475707946,19,0,2,0,3.41
2459,5.783863039317394,22,1,4,1,3.27
2460,16.179554992274173,29,0,2,0,1.47
2461,16.007283769106905,29,1,0,0,1.7
2462,9.14047904385251,5,1,3,0,7.05
2463,12.13024450646438,25,0,3,0,1.86
2464,12.085190319738505,29,0,4,1,1.81
2465,16.543162968552465,8,1,1,1,7.32
2466,8.50004828246395,29,0,2,1,1.38
2467,5.5089335958101815,24,0,3,1,3.25
2468,5.30069836281095,25,0,3,1,2.97
2469,10.723845585644083,3,0,3,0,8.33
2470,8.98296405464425,16,0,1,0,3.72
2471,8.802415419698724,1,1,1,1,8.27
2472,1.8227467817941445,15,1,1,0,4.03
2473,14.372074813803913,23,0,4,1,5.14
2474,4.274733759638214,13,0,1,0,4.18
2475,3.9390726041744273,25,0,2,0,1.23
2476,8.255166405547868,7,0,2,0,5.58
2477,4.555566832356028,13,1,2,1,5.65
2478,11.677165346160308,1,1,2,0,8.64
2479,7.42926678668943,15,1,3,1,5.4
2480,8.978234451855801,3,0,2,0,6.87
2481,10.743386432080577,0,0,1,1,8.31
2482,4.070710449636097,22,0,2,0,2.27
2483,3.115032457310596,19,0,3,0,2.92
2484,17.608438057472096,26,0,4,0,3.05
2485,8.674474056628421,13,1,3,0,5.84
2486,8.241872192650783,7,1,3,0,7.11
2487,0.7122430054568296,24,1,2,1,2.43
2488,9.959526051747863,27,1,3,0,2.14
2489,11.083394432220002,24,0,4,0,2.38
2490,11.17681741909333,2,0,2,0,8.09
2491,14.140623386457689,4,0,0,0,6.33
2492,3.549636699820236,5,0,4,0,6.93
2493,5.044462684612377,21,0,3,0,2.37
2494,16.214609304608253,25,1,2,0,3.29
2495,18.94341233686788,7,0,4,0,8.3
2496,2.7186549473464128,5,0,2,0,5.83
2497,9.952991090104364,5,0,2,1,7.26
2498,4.2835250547917365,3,0,3,0,8.36
2499,1.2014633670996488,6,0,1,0,5.42
2500,6.510066762522708,29,0,3,0,0.53
2501,2.873752503684255,29,0,1,0,0.0
2502,14.198661468684923,23,1,1,0,2.23
2503,10.674508273428888,18,0,2,1,4.58
2504,2.8766894198062176,6,0,2,0,6.16
2505,0.1848317681102873,2,0,1,1,6.63
2506,16.163140980484254,7,1,4,0,7.9
2507,3.5238881232849506,0,0,2,1,7.26
2508,12.12433284441532,0,1,1,1,9.33
2509,6.738438261534911,13,1,2,0,5.27
2510,11.709718766300712,5,1,3,0,6.37
2511,6.31307253964648,9,0,2,0,5.29
2512,1.7387912138450834,24,0,1,1,1.21
2513,4.459000171155072,27,0,1,0,0.0
2514,3.761171329581512,13,0,2,0,4.53
2515,8.560387048792876,3,0,2,0,6.69
2516,13.165675668523146,5,1,3,0,7.76
2517,5.276121498927151,15,1,4,1,6.08
2518,0.241398706012359,27,0,1,1,1.48
2519,10.378747285295136,20,0,3,0,3.55
2520,12.11518978717944,27,1,4,0,3.41
2521,19.257409880036192,0,0,4,0,8.81
2522,11.789416061864936,5,0,4,1,7.64
2523,9.423451187562836,8,0,3,1,6.43
2524,11.468032517954075,14,1,2,0,5.34
2525,18.55801259724054,11,0,2,0,5.75
2526,16.567562912032926,2,1,2,1,8.39
2527,6.45957466727616,10,0,3,0,5.63
2528,4.745087273142746,14,0,2,0,5.15
2529,5.252672247321472,2,0,1,0,6.76
2530,10.08842079430426,13,0,1,0,4.55
2531,14.880989024571557,1,0,3,0,8.15
2532,10.06438414365924,28,0,3,1,1.85
2533,1.3559279165622518,3,1,2,0,7.36
2534,14.471614008799618,25,0,1,0,1.12
2535,16.119402573419077,18,1,3,0,4.61
2536,5.789957302394393,11,1,0,1,4.75
2537,13.282514785667008,1,1,2,0,8.45
2538,8.531838021087868,16,1,2,0,4.17
2539,17.782387114548857,2,0,4,0,8.27
2540,16.904511163214796,9,0,2,1,6.9
2541,10.508639966192844,15,1,2,0,5.11
2542,13.83011091627189,21,1,3,0,3.72
2543,17.66699402044208,8,1,2,0,7.18
2544,9.91434020156551,10,0,1,0,5.04
2545,6.265014809776439,20,0,2,1,2.68
2546,15.073322758191626,14,0,4,1,6.51
2547,4.401325095693835,2,1,2,0,8.41
2548,7.770622960120841,15,0,3,0,5.31
2549,17.314544742135872,29,0,4,0,2.63
2550,14.4884468053863,20,0,3,0,3.95
2551,8.076220104949986,20,0,3,1,3.49
2552,4.294890048167148,20,0,3,0,2.91
2553,7.119367816644731,27,1,4,0,2.41
2554,5.68208298454866,11,1,4,1,5.78
2555,3.5217857588770785,22,0,4,0,2.34
2556,14.866658271313131,4,0,3,0,7.35
2557,5.041397737003431,6,1,2,1,6.92
2558,9.083349403355276,8,0,1,1,7.57
2559,7.717188936722181,20,1,2,1,3.84
2560,19.641547572712614,17,0,4,1,6.24
2561,7.82184488296441,20,0,3,0,4.04
2562,1.599649655935096,7,0,2,0,5.53
2563,1.7965150514416806,11,1,2,0,4.5
2564,11.815074427061296,19,0,2,1,3.92
2565,11.987271034765312,1,0,2,0,7.3
2566,8.3751798096531,9,0,3,0,6.3
2567,8.636873846240594,18,0,2,1,3.72
2568,1.0786516568174245,8,0,1,0,4.16
2569,10.330930207785244,24,0,2,0,1.93
2570,10.094789507607034,23,0,1,0,2.23
2571,2.9909863711388907,7,0,4,0,5.54
2572,2.076787722218552,23,0,2,0,1.63
2573,2.47144981198981,23,0,4,0,2.44
2574,2.0205649298251704,23,0,1,0,0.85
2575,12.194163910735195,0,0,1,0,6.93
2576,3.929653048058373,5,0,3,0,6.24
2577,5.0286030437492695,11,0,3,0,5.19
2578,3.4714428830287947,24,0,2,0,1.93
2579,19.15670608897006,23,0,1,0,2.47
2580,17.09234926303671,18,0,0,0,3.44
2581,4.609896747030417,26,0,3,1,1.19
2582,6.55132587844252,16,0,1,1,4.59
2583,4.197856846099944,1,1,2,0,7.31
2584,9.837519189216476,10,1,3,0,5.72
2585,0.3922106494850719,17,0,0,0,2.06
2586,13.427360177935912,22,0,1,1,3.67
2587,10.463162996352832,27,1,0,1,1.64
2588,17.972778566022065,21,1,4,0,4.57
2589,3.287853686568283,10,0,2,1,5.42
2590,16.082184921222634,17,0,4,1,4.53
2591,15.839220289334314,7,0,1,0,7.53
2592,2.5436237843377385,14,0,3,0,5.34
2593,7.971184482882552,8,0,1,0,5.74
2594,3.403052822890338,14,0,2,0,3.75
2595,5.0944100091509785,6,1,3,0,6.32
2596,5.264923496610887,19,0,3,1,3.45
2597,11.124727880515454,12,0,3,0,6.15
2598,8.22821863520931,12,0,3,0,5.36
2599,18.954656080126107,0,0,1,1,8.7
2600,2.527402838940102,19,0,2,0,2.84
2601,19.47384269700397,3,0,2,0,8.29
2602,4.612772804285279,23,0,3,0,2.36
2603,15.457478727637062,3,0,1,0,8.4
2604,6.779398523456428,3,1,4,0,8.96
2605,2.861627908346278,12,0,2,1,5.67
2606,17.1577837049248,1,0,3,0,8.49
2607,6.177217984729264,27,0,1,0,1.06
2608,13.177108084536844,25,0,2,0,2.09
2609,11.328873701732531,22,0,3,1,3.22
2610,9.435126187817486,14,0,2,1,5.33
2611,9.91638945297078,3,0,4,1,8.27
2612,14.644758281845752,26,0,3,0,2.4
2613,1.7554582824688114,5,1,2,1,6.35
2614,13.363613239158102,2,0,3,1,7.53
2615,17.916242027971574,6,0,3,1,7.92
2616,1.155763940397283,5,0,3,0,4.76
2617,2.813066784673335,2,1,1,0,7.58
2618,14.332638734040628,3,0,2,0,8.64
2619,8.745632964892351,9,0,3,0,6.13
2620,8.070972416273767,29,1,3,1,2.91
2621,2.739332690884717,20,0,2,0,2.07
2622,10.135400814355762,8,0,1,0,6.0
2623,2.530906223927545,29,0,2,0,0.0
2624,9.532409126210808,5,1,0,0,6.89
2625,15.272305979233137,28,1,3,0,0.87
2626,5.16528715774327,19,1,3,0,4.19
2627,9.615723363594546,26,1,2,1,1.44
2628,19.840319387936717,10,1,3,0,7.76
2629,13.733008467080746,6,0,2,1,7.01
2630,16.827135426103972,17,1,3,0,5.32
2631,8.296952131210915,3,0,1,1,6.72
2632,15.357218462517109,4,0,2,0,6.96
2633,0.8101834588264367,3,0,3,0,7.83
2634,2.4582236508449,3,0,1,0,6.55
2635,4.061411858401243,26,1,2,0,1.93
2636,8.03903849230439,12,0,2,0,5.69
2637,16.914897566515265,15,0,1,1,3.85
2638,6.92532101575861,24,0,1,0,2.82
2639,13.092423870309258,13,1,1,0,3.99
2640,14.186285896069668,10,0,4,1,7.85
2641,11.723647081766828,28,0,3,0,2.0
2642,7.144839363402724,1,0,2,0,7.43
2643,11.541066834270886,21,0,3,1,3.89
2644,6.845311855794924,13,0,0,0,4.63
2645,1.6774747710402416,23,0,2,1,2.44
2646,19.85607956372029,23,1,1,1,3.48
2647,2.543649072650218,26,0,1,1,0.59
2648,1.446967676721147,6,0,3,1,6.57
2649,17.57061498414312,25,0,1,0,1.32
2650,6.036693217857902,10,0,3,0,5.8
2651,13.005939481470152,3,0,2,1,6.9
2652,6.580114593244657,6,0,0,0,5.24
2653,7.829085415889423,28,0,3,0,1.86
2654,5.24225944033593,15,1,2,1,4.49
2655,6.860880115860204,25,0,2,0,1.75
2656,8.214008011730861,5,0,1,0,6.14
2657,14.408321381846855,26,0,0,0,1.07
2658,10.230723884695836,5,0,4,0,7.54
2659,18.87130434313954,1,0,2,0,9.05
2660,0.8376078767755102,23,0,0,1,1.06
2661,10.061366452640565,7,1,3,1,6.84
2662,11.684495776634362,29,0,1,1,0.56
2663,18.40393972148548,26,0,1,0,2.53
2664,0.9831704724285516,6,1,1,0,6.43
2665,11.46999169870432,26,0,2,0,0.5
2666,17.07259857055914,24,1,0,0,2.01
2667,4.838554562384731,23,0,2,0,1.35
2668,17.52584697047875,13,0,3,0,6.2
2669,0.3808681854858364,8,0,1,0,4.08
2670,14.649092582674594,14,1,2,0,6.0
2671,18.66226442337306,24,1,2,1,3.16
2672,13.143953232801245,21,0,2,0,3.17
2673,8.78058487960896,17,0,4,1,4.06
2674,0.8976203294543605,11,0,2,0,4.65
2675,18.40227626645257,22,0,0,0,1.6
2676,9.405924453831496,18,0,2,0,3.49
2677,0.5799348867189602,12,0,1,0,3.57
2678,13.796421426575238,6,0,3,0,7.34
2679,9.636745071525164,24,0,0,0,1.58
2680,2.4869063488482146,9,0,1,1,6.41
2681,4.285436186205192,29,1,2,0,0.99
2682,1.2898136091169254,9,1,1,0,5.16
2683,11.485870794171472,1,0,2,0,7.8
2684,12.440589585040184,13,1,1,0,4.8
2685,10.114845967108888,12,0,4,1,5.82
2686,16.3420426600523,21,1,1,0,3.18
2687,17.220176426160272,28,0,4,0,2.67
2688,12.312487933662531,5,0,2,0,7.26
2689,0.2551295941486109,8,1,3,1,6.42
2690,13.904593114954713,12,0,1,0,4.24
2691,8.359984338407031,8,1,3,1,7.0
2692,11.31114966452774,12,1,2,0,4.53
2693,12.981612040377687,4,1,2,1,8.36
2694,7.004732286541535,13,0,3,1,5.46
2695,18.341970103435884,4,0,2,1,8.73
2696,2.679497334995624,8,0,2,0,4.53
2697,13.430236145620748,7,1,0,0,6.93
2698,0.0871915991316085,6,0,1,0,6.1
2699,18.493022108103617,7,0,2,0,7.17
2700,2.25008266476183,21,0,0,0,1.29
2701,1.8976846029514929,2,0,1,1,7.23
2702,6.660152661044885,22,0,1,0,1.78
2703,7.471325720781612,23,0,1,0,1.06
2704,4.286001446457572,14,1,2,1,5.62
2705,11.702433218542494,7,0,2,0,6.79
2706,8.858281960839271,0,1,4,1,10.0
2707,0.6835117808217483,6,0,2,1,6.69
2708,6.393041245106012,18,0,4,1,4.64
2709,16.20865827146341,1,0,3,1,8.87
2710,13.794030697237371,13,0,4,0,4.88
2711,14.49741707159761,17,0,3,0,4.62
2712,13.962338481670471,29,1,3,0,2.19
2713,6.219460427660666,14,0,2,0,4.48
2714,1.9932784415355176,13,0,1,0,4.64
2715,5.44934368066192,23,0,1,1,1.38
2716,16.635706003703184,24,1,4,0,3.95
2717,19.609415955661422,18,0,4,0,4.69
2718,9.876940294831227,29,0,3,1,1.29
2719,0.1940070984608444,18,0,3,0,3.33
2720,2.8008962426845807,21,1,4,0,4.05
2721,6.441611506325316,26,0,2,0,0.96
2722,11.571706971858994,25,0,3,1,3.41
2723,1.5018729161062794,16,0,2,1,3.7
2724,18.867145974197637,21,1,2,1,3.95
2725,7.3016734656880145,27,0,0,0,0.0
2726,18.251684358496465,18,1,2,1,4.72
2727,15.610436055140436,26,0,3,0,2.16
2728,15.108745450311623,15,0,2,0,3.72
2729,12.13439159564464,19,0,3,0,3.68
2730,12.535676341036892,24,1,2,0,3.36
2731,12.760064704324964,18,0,1,0,3.41
2732,12.57442774051164,0,1,3,1,9.58
2733,11.074564627967224,18,0,3,0,3.99
2734,19.728280369657774,6,1,1,0,8.3
2735,14.645811348513922,28,0,2,0,1.62
2736,15.538927767850424,22,0,2,0,2.55
2737,17.449256301673483,10,0,4,0,6.1
2738,4.312795254516983,4,0,3,1,7.88
2739,1.6760831819012156,29,0,1,1,0.54
2740,9.657888731971973,16,0,2,1,4.53
2741,10.281613912385463,10,0,3,1,6.94
2742,16.583635598998356,23,0,3,0,3.06
2743,8.875671585646714,25,0,3,1,2.75
2744,11.417060510886255,7,0,1,0,5.15
2745,10.541418770269166,9,0,3,0,6.31
2746,0.7640556751478211,11,0,3,0,4.92
2747,12.30429793193828,9,0,3,0,7.1
2748,16.560865715485043,12,0,2,0,5.5
2749,3.1500109615160765,25,1,3,0,2.31
2750,11.886634678531916,17,1,3,0,4.61
2751,11.872210888928286,9,0,3,1,6.67
2752,3.283699281127175,18,0,2,0,3.32
2753,2.4692714746147204,19,0,1,0,1.89
2754,19.60103885952969,16,0,2,1,4.61
2755,7.874383393060751,19,0,2,0,3.84
2756,4.548434574470585,15,0,2,1,3.95
2757,3.426490889087499,4,0,2,1,7.21
2758,13.3520342716647,2,0,2,0,7.64
2759,12.188905946545576,29,0,3,0,0.82
2760,12.871042459748349,26,0,1,0,1.53
2761,1.7601205502290451,14,0,2,0,3.92
2762,17.87069166996874,25,0,3,0,3.05
2763,7.785327936180966,1,0,2,0,7.55
2764,6.267388128607159,12,1,2,0,5.66
2765,9.247228944954784,21,1,2,0,3.64
2766,7.801321314952565,7,0,2,0,6.12
2767,17.27154006278292,22,0,1,1,3.2
2768,18.58521950395784,26,0,2,0,2.61
2769,6.069064328992124,29,0,4,1,2.59
2770,17.278716149199095,16,0,2,0,3.93
2771,15.630462590661342,3,0,0,1,7.25
2772,18.61615344689524,18,0,3,0,4.55
2773,4.915006243717757,21,0,2,0,1.82
2774,11.539183002419582,24,1,1,0,2.26
2775,5.490891694808893,8,1,3,0,6.05
2776,16.481889809687484,22,0,1,0,3.05
2777,0.1064838114212851,14,0,4,0,4.99
2778,11.29638325772792,27,0,2,0,1.56
2779,6.78406862543836,8,1,3,0,7.26
2780,6.453674141556405,23,1,2,0,3.37
2781,12.89812647729834,20,1,1,0,3.38
2782,17.02968898627988,8,0,3,0,6.86
2783,12.183907827866523,13,1,4,1,7.48
2784,17.06345957293445,22,0,3,0,3.97
2785,5.291942237620599,20,1,3,1,4.13
2786,10.390037095299622,15,1,4,0,5.34
2787,9.01073078134152,23,0,1,0,1.84
2788,0.2328979900619243,22,0,0,0,0.88
2789,11.136242862814802,24,1,0,0,1.73
2790,13.230486482923498,25,0,3,1,2.36
2791,11.8382880883814,16,0,3,0,4.7
2792,14.72559797566843,12,0,3,1,6.19
2793,11.42679056906154,8,0,4,0,6.27
2794,1.3350050970151384,14,0,3,0,3.91
2795,2.3289104816942285,6,0,2,0,6.14
2796,11.929491550879048,0,0,1,0,6.84
2797,5.499583839472804,0,0,4,0,8.16
2798,1.5929025806953168,4,0,1,0,5.71
2799,8.592054868970935,23,0,2,0,2.89
2800,11.086451961673108,8,0,2,1,6.97
2801,6.574919766992132,11,0,1,0,3.85
2802,14.40867404451556,5,0,3,1,7.64
2803,12.875412162024894,27,1,1,0,1.85
2804,6.656367221833439,12,0,4,0,6.25
2805,15.097450578171212,25,1,2,1,2.24
2806,12.973900850660709,27,0,3,1,1.94
2807,12.74890757435804,7,1,3,0,7.54
2808,11.06855401574136,14,0,3,0,4.55
2809,0.2277933617710559,5,0,4,0,6.36
2810,13.930143669537784,26,0,1,1,1.61
2811,7.5208358221831295,5,0,0,0,6.58
2812,18.852194203173116,3,0,0,1,6.78
2813,16.359695421544107,10,0,3,0,6.68
2814,11.753889390626243,20,0,4,0,4.29
2815,5.043639636385389,29,1,2,1,0.53
2816,4.074347865553332,17,0,3,1,4.65
2817,6.807696753550983,2,0,0,0,6.68
2818,9.531358871600371,2,0,1,1,6.8
2819,5.921310200778942,29,0,3,1,1.84
2820,10.298589907849657,11,1,0,1,5.74
2821,3.3074085102637185,26,1,2,1,2.1
2822,19.55425625651,20,1,3,0,5.33
2823,2.1584910992998774,29,1,3,1,2.48
2824,18.63888279308744,20,0,2,1,3.63
2825,18.271560228053897,5,0,3,0,7.15
2826,10.50720963638996,20,0,2,0,2.96
2827,14.498205436721689,27,1,0,0,0.33
2828,8.720965959451757,5,1,3,1,8.41
2829,12.600691550848763,7,0,1,1,5.63
2830,6.811518748422374,14,0,0,0,4.22
2831,6.023180395708907,17,1,2,0,4.54
2832,11.564595723390276,19,0,3,0,3.74
2833,9.962593483679608,28,1,1,0,0.0
2834,11.59072738299962,15,0,0,0,3.93
2835,5.733211625740459,5,0,1,0,5.59
2836,7.339156636339905,27,0,2,1,1.27
2837,1.677959212578186,20,0,2,0,1.75
2838,1.0455274454441144,16,0,1,1,4.54
2839,5.069142593460326,8,0,3,0,5.84
2840,1.4849371866109151,18,1,3,1,4.41
2841,2.075494172694814,17,0,3,0,3.95
2842,16.25856810787874,24,1,2,1,3.78
2843,0.777473940333786,22,0,2,0,1.37
2844,13.178855878694854,4,1,2,0,7.78
2845,5.45115497630801,27,0,2,0,0.77
2846,17.430913614162527,5,0,0,0,5.57
2847,9.69984569154999,11,0,3,1,6.27
2848,6.111529186556515,10,0,2,0,4.94
2849,10.352778713788693,15,1,1,1,5.85
2850,7.639160380905377,19,0,1,0,3.15
2851,11.286021293396605,16,0,1,1,4.46
2852,2.2906573665269647,19,1,4,0,3.75
2853,19.939810056251023,8,0,1,0,5.6
2854,8.511117553934351,0,1,3,0,9.56
2855,6.964612794147373,25,0,2,1,2.24
2856,14.204196966325298,2,1,3,0,8.83
2857,7.27798812990665,20,0,2,0,2.56
2858,16.66548610057515,22,1,4,0,4.9
2859,9.085414487208505,8,0,1,0,6.86
2860,14.391168265308698,21,0,2,0,3.89
2861,2.149064328837731,18,0,1,0,1.77
2862,16.922383711102235,12,0,2,1,7.06
2863,14.714359735562198,22,0,2,1,3.23
2864,4.234335569239313,13,0,3,1,5.32
2865,2.905720194915733,19,0,2,0,2.78
2866,6.325846974512488,18,1,0,0,3.15
2867,19.521411720638085,29,0,3,1,2.7
2868,5.136631491341173,22,1,2,0,1.69
2869,9.122544178932666,26,0,1,0,1.71
2870,0.6004045143467263,26,0,4,1,2.55
2871,7.944550591324651,6,1,4,0,8.57
2872,11.426400308662055,3,1,3,0,8.12
2873,19.062492250159305,11,0,3,0,5.7
2874,10.334720898801288,22,0,0,0,2.08
2875,16.382146523553757,26,0,4,0,2.14
2876,10.94255285137801,13,0,2,0,4.36
2877,0.815700268710362,1,0,1,0,7.02
2878,6.300165503795481,0,0,3,1,8.73
2879,11.510990156622064,27,0,1,0,1.73
2880,19.011879318622487,17,0,2,1,5.4
2881,17.182607195024666,19,1,1,0,4.73
2882,4.567112283576953,7,1,2,1,7.21
2883,4.40219660038327,2,0,2,1,8.18
2884,4.023459342278015,25,0,2,1,2.57
2885,18.449977926050064,5,0,0,1,6.22
2886,17.053323062034412,21,1,2,0,4.27
2887,15.497668645058976,12,0,2,0,5.81
2888,7.854702284484551,8,0,1,0,5.49
2889,10.087614085975336,8,0,4,0,6.25
2890,9.286634895903056,19,0,2,0,2.63
2891,5.067962151187453,8,0,3,0,6.1
2892,10.10056092297534,14,1,1,0,4.79
2893,0.6099309570550893,12,0,2,1,4.07
2894,2.6362074699491838,21,0,1,1,2.67
2895,17.73179192337893,15,0,2,0,5.92
2896,15.033595340628466,1,0,1,0,7.44
2897,8.457368181181742,25,0,2,1,0.89
2898,10.343007245677544,13,0,2,0,4.81
2899,7.399977719199549,26,0,1,0,0.83
2900,14.81559734321345,5,1,3,0,8.05
2901,15.683743584641592,1,1,4,0,9.88
2902,15.265703804063184,7,0,1,0,6.99
2903,14.452234496688993,3,1,3,1,8.9
2904,4.090086773855917,20,1,3,0,3.4
2905,6.759399584809575,23,0,2,0,1.85
2906,9.3969086996735,13,0,3,1,5.8
2907,6.615859828553113,10,0,4,1,7.09
2908,15.09880400316658,23,0,2,0,2.07
2909,6.587070484999094,27,1,3,1,2.19
2910,2.764641735706743,13,0,3,1,3.67
2911,7.980809040966081,11,0,2,1,5.31
2912,19.598288655647607,15,0,2,1,6.2
2913,4.517628258671518,5,0,4,1,7.19
2914,12.24317317886458,19,0,3,0,4.16
2915,8.659460996794126,0,0,1,1,7.41
2916,1.4204913529865326,11,0,1,1,5.08
2917,9.75753211996119,6,1,4,0,8.02
2918,14.043286572966249,7,1,0,0,6.38
2919,10.264399516556376,8,1,3,1,7.82
2920,17.442121274931623,1,1,1,1,10.0
2921,5.778740333151653,16,1,0,0,3.39
2922,1.7249834260792984,19,0,0,0,1.71
2923,18.73131223316012,12,0,2,1,5.59
2924,7.56392699056438,4,0,0,0,4.88
2925,11.528111029072669,9,0,2,0,6.18
2926,15.84006252260392,11,0,3,0,6.28
2927,6.486273277511612,16,1,2,0,5.24
2928,14.323290763552222,20,0,3,1,3.36
2929,2.7083769963565607,5,0,2,0,5.6
2930,5.825874944110105,2,0,2,0,6.59
2931,2.894212722730398,27,0,2,0,0.72
2932,16.224611168027156,14,1,2,0,5.21
2933,4.452984704535707,6,0,4,1,6.94
2934,14.348071108104206,29,0,3,0,1.21
2935,18.86596794491305,5,0,2,0,7.19
2936,10.55544418137754,3,1,3,0,8.68
2937,10.800583845213756,18,0,2,0,3.3
2938,9.22067136195624,4,0,1,1,6.79
2939,6.517802867872855,2,1,2,0,8.69
2940,9.513100618498342,25,0,3,1,2.34
2941,12.056150645335189,24,0,2,0,1.3
2942,19.719831443413188,8,0,3,0,6.82
2943,18.755291186364484,5,1,2,1,7.75
2944,17.243059165862434,12,0,2,1,5.18
2945,17.782610714097167,26,0,4,1,4.96
2946,9.35698366584086,21,0,2,0,1.92
2947,13.148886543549295,27,0,3,0,1.59
2948,17.901334458724282,29,0,3,1,2.87
2949,7.859015299827061,19,0,4,0,4.38
2950,19.23524956690937,3,0,0,1,7.05
2951,8.31572124138366,1,0,1,1,8.1
2952,12.021653307864312,25,0,3,1,1.76
2953,14.19609426544744,3,0,2,1,7.28
2954,19.011840261518767,7,0,2,0,7.24
2955,4.8923254810453205,12,0,1,1,4.44
2956,14.922619564772845,9,0,1,0,6.14
2957,10.416311722881645,17,1,2,0,4.85
2958,5.371142812412821,8,0,1,0,5.73
2959,15.532136795927812,29,0,1,0,1.46
2960,11.04444560347693,0,0,0,1,7.26
2961,13.219476412993515,12,0,1,1,4.35
2962,6.45802137155802,17,1,3,0,4.17
2963,9.6254790365521,14,0,3,0,4.12
2964,12.34708501976134,1,0,0,1,6.78
2965,8.09821628539688,10,0,1,1,4.89
2966,3.967450796954026,28,0,2,1,1.68
2967,19.23280984630608,13,0,2,1,6.52
2968,10.229350800852348,21,0,3,1,3.92
2969,14.67840740575401,14,1,3,0,5.49
2970,8.220943871121163,13,1,3,1,5.83
2971,7.102635280514327,15,0,2,1,4.43
2972,8.1432859693425,22,0,2,1,2.87
2973,8.183932875712996,28,1,3,0,2.1
2974,10.883602318839072,14,0,0,1,3.91
2975,10.869397399627264,18,0,0,0,2.18
2976,9.943076317657432,26,1,0,0,1.53
2977,2.695715698348762,8,0,2,1,6.43
2978,9.921509570010622,4,0,1,0,5.77
2979,3.3820780084130297,4,0,1,0,5.8
2980,2.5227157259153032,10,0,3,1,5.78
2981,18.652914346823355,27,1,4,1,3.96
2982,12.099000262954084,19,0,1,1,4.08
2983,13.189801162491683,24,1,2,0,3.9
2984,8.035873406667275,23,0,1,1,1.71
2985,18.179617838297283,27,0,4,0,2.43
2986,12.75860979159331,3,0,1,1,8.36
2987,15.38339739047175,19,0,3,0,4.71
2988,7.371249380554277,17,0,1,1,3.67
2989,19.20023761638251,24,0,3,0,3.59
2990,16.4092258031663,2,1,1,1,8.5
2991,17.078969260290872,3,1,1,0,8.91
2992,3.443885348515085,13,0,1,1,5.19
2993,5.41926415742439,6,0,1,0,6.26
2994,5.712531993671542,25,1,3,1,2.42
2995,5.418184464937424,7,0,3,0,6.73
2996,17.10816324208576,23,0,2,0,2.16
2997,0.6376959041718422,15,1,4,1,4.98
2998,1.521999779615486,19,0,2,1,3.0
2999,5.478297412598074,14,0,4,0,5.49
3000,3.997459492988873,6,0,1,0,4.75
3001,4.637192277656967,25,0,4,1,2.1
3002,15.958863785066,16,0,0,1,3.41
3003,11.26253187784094,21,0,2,0,2.13
3004,0.1154132258593598,21,1,2,1,2.51
3005,8.586455314083905,21,0,2,1,3.48
3006,8.157698537007178,11,0,2,0,6.1
3007,2.2789053888908706,17,0,2,0,3.11
3008,13.522835772029143,23,1,4,1,4.91
3009,14.04194376758982,13,1,4,1,6.72
3010,14.417864381041952,14,1,4,1,6.85
3011,14.56941891117184,14,0,4,0,6.24
3012,0.001056538645936,4,1,3,0,7.42
3013,19.078416076934445,15,0,4,0,5.54
3014,16.28417534109326,4,0,3,1,8.76
3015,18.079633931785708,1,0,2,0,8.46
3016,0.3128659061486827,19,0,3,0,3.54
3017,18.677175915714788,27,1,4,0,2.85
3018,16.195770573762093,24,0,3,0,1.92
3019,16.74438285917397,8,0,2,0,5.87
3020,1.8657476944393705,21,0,0,0,0.8
3021,14.775560578371952,26,0,3,1,2.81
3022,19.19833379284182,8,0,4,0,6.79
3023,13.570946828363212,3,0,2,0,6.64
3024,11.411228092492127,14,0,1,0,3.82
3025,18.91259355497994,10,0,2,0,6.84
3026,8.85874243468872,0,1,2,0,9.37
3027,11.985871326209574,17,1,2,0,4.27
3028,9.526765869887324,28,1,3,0,2.4
3029,18.656924427205983,0,1,4,1,10.0
3030,1.5216945353101452,7,0,3,0,4.65
3031,10.022394016506963,24,1,2,0,2.5
3032,13.739048827708766,15,0,4,1,6.03
3033,15.83813076844474,25,1,2,0,2.93
3034,11.660372948882728,27,0,1,1,0.69
3035,18.17835488242908,21,1,2,0,4.77
3036,18.839828937677435,17,0,3,0,5.05
3037,1.2863844638716704,21,0,3,0,2.29
3038,8.047410790827488,8,0,4,1,7.82
3039,0.4691804344230887,11,0,2,0,4.86
3040,6.588333147488859,18,1,1,0,3.78
3041,10.737364359412044,24,0,0,0,0.38
3042,18.215898610198977,17,0,3,0,4.28
3043,16.931086449308058,26,1,3,1,3.55
3044,2.5499945334397145,4,0,2,0,6.1
3045,1.860607494817914,26,0,2,1,0.79
3046,11.78534677513334,1,0,4,0,8.86
3047,10.642359449175654,6,0,4,1,7.81
3048,5.327552828600477,26,1,1,0,1.64
3049,17.989061691076703,9,1,3,1,8.78
3050,18.54732818923107,14,1,3,0,7.16
3051,8.052228766803253,24,0,1,1,2.79
3052,17.806051142270405,6,0,2,1,8.0
3053,7.678977885259453,27,0,1,0,0.25
3054,14.736336636594004,4,1,1,1,7.54
3055,9.518844350954485,14,0,3,1,5.55
3056,2.45166313014366,19,0,2,1,2.78
3057,18.55868402474043,27,0,2,0,2.48
3058,9.081931867550733,19,0,2,0,2.94
3059,14.689740806448071,14,1,0,1,5.73
3060,7.343476288625843,9,0,3,0,5.74
3061,0.3776175715246932,23,0,2,0,0.92
3062,2.010607173836718,25,0,2,1,1.66
3063,9.924389589798489,28,1,4,0,1.82
3064,13.799287142527248,25,0,2,0,2.53
3065,6.694706531585581,13,0,3,0,4.57
3066,13.909769183553006,25,0,2,1,2.35
3067,13.97271178863912,25,0,3,1,2.88
3068,14.078718146556618,9,1,3,1,7.58
3069,9.850437080410169,16,0,1,1,4.39
3070,18.29772300243008,20,1,3,0,4.92
3071,9.783930359612311,13,0,0,0,3.25
3072,9.005303869932764,1,1,4,0,9.43
3073,3.98761638021254,15,1,2,0,4.81
3074,6.15310174712673,12,0,3,0,4.47
3075,0.8466898503660669,26,0,2,1,1.58
3076,12.670705872323405,8,0,3,1,7.13
3077,4.970714878541857,6,0,4,0,6.71
3078,6.083105089709302,15,0,3,1,4.75
3079,15.416290433286424,9,0,1,1,6.14
3080,6.544423663229077,23,1,2,1,3.02
3081,4.843917840262844,21,0,2,0,3.82
3082,3.381154982674115,8,1,2,0,6.72
3083,15.497168043639116,21,0,2,0,2.83
3084,2.5941251598005377,22,0,2,0,1.85
3085,9.07507520500707,6,1,2,0,7.23
3086,10.138602321543887,15,0,1,1,3.44
3087,13.747798253714292,8,0,2,0,4.84
3088,12.665669646659907,26,1,1,0,2.65
3089,16.214413458903497,23,1,1,0,3.08
3090,0.895028678524763,28,0,3,1,0.37
3091,5.928814495587944,16,0,0,0,2.92
3092,5.6026823755075945,19,0,2,0,2.54
3093,2.9203381118421645,6,0,2,1,6.3
3094,5.783565077128863,10,0,2,0,5.07
3095,6.195306282858068,7,0,3,1,6.68
3096,10.437689238549568,6,0,2,0,7.18
3097,13.27408957852512,27,1,1,0,2.57
3098,7.622010272236281,18,1,3,0,4.39
3099,14.389404626267623,19,0,4,1,4.74
3100,6.7233067715916,11,0,0,1,5.09
3101,5.805673546295207,6,0,2,0,5.13
3102,10.823761117140489,7,0,2,0,5.82
3103,0.4743272061158121,6,0,1,0,4.39
3104,1.5957824726800074,5,0,2,1,7.07
3105,8.359390871730541,24,0,3,0,1.73
3106,18.85825422783513,8,1,1,0,7.38
3107,14.430235596868473,26,1,4,0,2.47
3108,1.762531390011155,12,1,2,0,5.34
3109,16.926360255617475,6,0,2,1,7.58
3110,14.64601541216362,7,0,3,1,7.01
3111,12.218930514053064,21,0,0,0,1.53
3112,16.405859212183547,16,1,2,0,5.51
3113,8.082196954859143,16,0,2,0,3.53
3114,4.430021017077054,15,0,2,0,3.6
3115,10.240467782175187,21,0,2,1,3.08
3116,10.976835111869477,1,0,0,0,6.98
3117,10.766527440198242,29,0,1,0,0.95
3118,11.301475829602106,7,0,1,0,5.43
3119,18.97409836478361,16,0,4,1,5.98
3120,18.04491246192463,12,0,0,0,4.46
3121,17.514340731178788,17,0,1,1,4.46
3122,16.028336218172544,23,0,4,1,3.17
3123,18.868562145305702,27,1,3,1,3.72
3124,1.969892833588065,21,0,2,1,2.65
3125,5.30246522891479,27,0,0,0,0.0
3126,9.901118913091697,9,0,3,0,5.38
3127,16.930689862468103,1,1,1,1,8.99
3128,10.10331423045465,1,0,3,1,9.53
3129,14.960694786831771,26,0,4,1,2.94
3130,2.7791981049783243,13,0,2,1,4.87
3131,5.048276259531203,15,0,1,0,4.52
3132,14.635521900753448,6,0,3,0,8.06
3133,3.294680177754481,20,0,2,1,2.02
3134,7.027118693098535,20,1,2,1,3.24
3135,5.2973251562714285,23,1,2,0,2.69
3136,6.997233884449569,11,1,3,0,7.3
3137,14.166480981559406,27,0,2,0,1.99
3138,7.35694362285602,22,1,4,0,3.62
3139,11.105266452158803,27,0,3,0,2.35
3140,1.998637541088193,13,0,1,1,4.46
3141,16.100353864692558,24,1,3,0,2.76
3142,7.397772512962497,3,0,1,1,7.03
3143,12.97068318066685,25,0,3,1,4.13
3144,14.507792033236653,3,0,1,1,9.01
3145,4.193218442234008,17,0,2,1,3.82
3146,17.693499699066997,2,1,3,0,8.65
3147,12.32448503213906,0,0,1,1,8.33
3148,8.57450283502963,16,0,3,0,4.3
3149,3.646703671564391,6,0,3,1,7.96
3150,18.846018758024133,29,1,2,0,2.49
3151,15.101364082632502,15,0,2,1,6.31
3152,4.1604912546649775,29,0,4,0,1.28
3153,6.75421549448449,4,1,1,0,7.16
3154,16.193485161761465,18,0,3,0,4.33
3155,13.91355326430678,6,0,3,1,7.47
3156,15.315685854314488,13,1,4,0,6.41
3157,8.824022044258648,1,0,3,0,7.85
3158,14.329525252843338,2,1,2,1,9.09
3159,7.729874457278274,16,0,4,0,3.67
3160,4.225258338763929,15,1,3,0,4.5
3161,12.6535406968272,7,1,3,0,7.96
3162,19.520278511975885,17,0,0,0,3.6
3163,6.212019427906592,14,0,2,1,4.7
3164,9.219391844250794,6,1,3,0,7.83
3165,13.480027421397072,26,0,2,1,2.04
3166,10.830125642449758,8,0,2,0,6.19
3167,16.868555914180984,5,0,1,1,7.43
3168,15.234854129390316,17,1,2,1,5.18
3169,1.1659440772471408,17,1,1,1,4.09
3170,19.96842467847548,24,0,1,0,2.27
3171,15.048049074389343,25,0,2,0,2.02
3172,17.278066325882264,23,1,3,0,4.21
3173,13.023954241906928,13,1,2,1,7.85
3174,17.125702560935245,13,0,1,0,4.5
3175,2.247659498574188,13,1,1,1,4.22
3176,6.954756711186311,24,1,2,0,2.26
3177,17.528418872089855,3,0,3,0,7.84
3178,4.033104225337844,3,1,3,0,7.97
3179,1.564841971600455,14,0,1,0,4.49
3180,15.76237879890438,14,0,2,1,6.09
3181,16.709723112865923,17,0,3,0,4.22
3182,3.253044363798012,13,1,1,0,4.61
3183,17.08691965565431,25,1,2,0,3.26
3184,13.735355911943392,0,0,2,1,8.86
3185,10.40165366433168,9,0,1,0,5.43
3186,16.6050038556277,28,0,0,0,0.94
3187,8.384984986379315,19,1,2,1,3.89
3188,3.879879124467944,9,1,0,0,5.46
3189,5.697053532212273,9,0,1,0,6.15
3190,10.103280365866295,26,0,2,0,1.07
3191,10.626615853463514,23,0,0,1,2.18
3192,16.111616528824673,1,0,2,1,8.06
3193,15.827054473046688,28,0,1,1,2.05
3194,11.627331144091498,27,1,2,1,1.55
3195,15.615709667309527,26,0,3,1,2.94
3196,3.83546916587342,7,0,3,0,7.0
3197,1.0012905418658868,0,0,2,0,7.49
3198,17.472676452694003,0,0,0,0,8.38
3199,1.5110898752553914,3,0,3,0,6.83
3200,4.933768594879946,6,0,1,1,6.39
3201,13.906378992487692,8,0,0,1,5.95
3202,8.188958752546183,15,1,3,0,5.15
3203,17.526279398310177,4,0,4,0,7.79
3204,5.959595893245391,1,1,2,1,8.63
3205,0.2374269333871859,27,0,0,0,0.0
3206,6.013112811214882,22,0,3,0,2.57
3207,11.561500983696632,10,0,0,1,4.97
3208,7.518767508065867,17,1,3,0,4.18
3209,10.697455115175105,24,0,2,1,2.19
3210,17.531962376700374,24,0,2,1,2.15
3211,18.24970108460737,18,1,2,0,4.93
3212,5.319481293082243,12,0,4,0,5.67
3213,9.242809465398016,23,1,3,1,2.8
3214,10.982880304829024,10,0,2,0,5.93
3215,18.982249137764946,19,0,3,0,3.75
3216,19.972346383287693,18,0,2,1,4.7
3217,4.708144976830533,16,1,3,0,4.25
3218,14.539597426916307,4,0,3,0,8.42
3219,7.560621244663903,12,0,0,0,3.22
3220,0.1621639377242645,29,0,2,0,0.0
3221,0.1850504487180471,26,0,4,0,1.44
3222,9.211320151245117,19,1,4,0,4.98
3223,9.766698260086692,0,0,0,0,7.61
3224,0.4513939314688531,9,0,1,0,4.39
3225,13.73854833548605,7,0,4,1,8.13
3226,5.880067771899062,23,0,2,1,2.73
3227,11.197862030718987,28,0,2,0,1.91
3228,6.018381463308375,7,0,1,0,5.74
3229,3.342686297386144,18,1,3,1,4.13
3230,8.143474771977505,5,1,1,1,7.07
3231,4.645467295810015,11,0,1,1,5.14
3232,10.69601953838336,27,1,1,1,1.92
3233,3.976570605729599,6,0,4,0,6.59
3234,10.168119532892542,15,0,3,0,4.83
3235,3.147570297377351,8,0,3,1,6.79
3236,13.4194941897157,20,0,2,1,3.31
3237,15.07875368882848,24,0,4,0,3.11
3238,2.2078846849986755,21,1,3,0,3.33
3239,9.356048240746784,9,1,3,0,6.56
3240,1.4174340130974716,9,0,4,0,6.02
3241,11.963648910840048,9,0,2,0,5.67
3242,5.288085958592907,19,1,3,1,4.4
3243,10.552489136774156,28,0,4,1,2.03
3244,10.349220187685823,15,0,3,1,5.48
3245,18.487086923876006,0,0,2,1,8.03
3246,10.981664451374458,16,0,0,0,3.2
3247,11.659969594366313,29,0,3,1,2.31
3248,8.033062515287606,25,1,2,1,3.31
3249,18.981592063656336,20,1,1,0,4.02
3250,15.543718188792193,28,0,3,1,3.16
3251,5.708105806056832,13,1,2,0,5.61
3252,16.88419171552464,18,0,2,1,3.89
3253,8.6479272037018,20,0,3,0,2.91
3254,16.57334287067188,20,1,2,0,4.2
3255,16.45776136587004,16,0,0,0,4.0
3256,3.777403735257088,13,0,2,0,3.18
3257,14.022822627671538,7,0,0,0,5.53
3258,5.812859386130622,20,1,1,0,2.52
3259,5.949853399853364,20,1,0,0,2.42
3260,5.926961537611614,8,1,1,0,6.7
3261,14.511364951198964,7,0,2,0,6.0
3262,4.596520835850722,12,1,2,1,5.94
3263,0.0181167049218045,16,0,4,1,4.87
3264,14.304737069652662,18,1,2,1,4.45
3265,3.423694876702505,27,0,3,1,1.39
3266,2.089647906156693,6,0,2,0,6.99
3267,4.750322411881203,16,0,3,0,3.79
3268,7.598010446454079,0,1,3,0,7.6
3269,9.518126549464014,4,1,2,1,8.02
3270,0.8914008142526164,24,0,1,1,1.55
3271,19.411466652547208,5,0,2,0,7.0
3272,14.321261068391165,25,1,3,0,3.26
3273,6.463881306486723,1,0,2,1,8.71
3274,6.373945145707946,26,1,3,0,3.13
3275,8.970850987369188,24,1,1,0,2.92
3276,12.52489645526066,15,0,0,1,5.71
3277,2.927461331779355,21,0,2,0,2.55
3278,3.7785962752990474,4,0,3,1,7.24
3279,17.18869165667102,4,0,2,0,8.19
3280,5.125098477781451,11,0,3,1,6.08
3281,7.603899959503551,2,1,1,1,8.07
3282,17.42543701900234,29,0,2,0,0.54
3283,13.26295658799645,15,0,3,1,5.06
3284,6.834237586833767,5,0,3,1,7.59
3285,13.673990914492416,14,0,1,1,4.25
3286,0.3936643076282742,14,1,2,0,5.24
3287,14.712853200227304,28,0,3,0,1.31
3288,9.74032081032479,15,0,0,0,3.26
3289,16.263642945689224,19,1,3,1,5.34
3290,19.092753040129367,12,0,2,1,6.06
3291,18.515770989891365,11,0,1,0,6.42
3292,18.18530086910681,9,0,3,0,6.76
3293,10.243399118677743,13,1,1,1,5.78
3294,7.202842282778761,1,0,4,0,8.46
3295,9.300706494613456,28,1,3,0,0.98
3296,13.797920066267215,2,1,3,0,8.99
3297,17.679955537423734,8,0,0,0,5.69
3298,4.139726060002391,10,0,4,1,6.78
3299,18.36386316923406,10,0,3,0,6.39
3300,16.303604639397783,24,0,1,0,2.57
3301,19.57712030356469,21,1,2,1,5.24
3302,17.605035465633744,9,0,1,0,5.95
3303,5.598746593838133,25,0,4,0,1.66
3304,2.119118226880954,13,1,3,1,4.99
3305,2.2448214398317723,8,0,4,1,5.35
3306,5.8244663715655225,19,0,3,0,3.4
3307,12.283674479690784,26,0,2,0,1.24
3308,16.086406521943452,20,0,1,0,3.22
3309,17.985006139631295,9,1,1,1,6.66
3310,12.475067687384657,21,0,1,0,2.39
3311,0.1126262549610745,28,0,2,0,0.0
3312,3.7263355303706702,8,0,4,0,5.79
3313,1.994524077067359,28,0,4,1,1.69
3314,7.2664895113802,4,0,1,0,6.34
3315,10.027019872674918,7,0,3,0,5.86
3316,0.8679435715712169,10,1,2,0,5.6
3317,6.969559515913106,0,1,2,0,7.63
3318,3.583593492506452,20,0,3,1,2.38
3319,12.94140332517748,9,0,2,1,6.49
3320,9.2854473864868,0,0,4,1,10.0
3321,9.906352938678175,25,0,3,1,2.71
3322,8.553835760669221,29,0,3,0,1.32
3323,19.12039420973134,21,0,1,1,3.66
3324,4.294702502431265,6,0,1,0,5.02
3325,10.333285196877489,27,0,2,0,1.18
3326,14.72034736730672,13,1,3,1,5.95
3327,11.13688826269125,4,0,4,1,8.87
3328,18.580417714336026,16,1,2,1,5.72
3329,7.559367112825683,21,0,3,1,3.35
3330,9.27351611546356,25,0,2,1,2.03
3331,1.7704463042945684,20,1,1,0,3.89
3332,12.17998222103857,5,0,3,1,8.16
3333,5.764239368962121,15,1,3,1,5.45
3334,3.206180790311377,10,0,1,1,5.55
3335,10.89062585809016,9,0,2,1,5.57
3336,10.646205267598212,14,0,2,0,3.91
3337,1.517432824480951,6,0,1,1,5.2
3338,13.964309069889456,22,1,4,0,3.91
3339,12.475443813017058,1,1,2,1,8.93
3340,3.780345654929944,11,1,1,0,5.18
3341,9.388697243080877,18,0,1,0,3.22
3342,14.4064583295712,11,0,4,0,6.37
3343,10.58871481082553,15,0,3,0,5.09
3344,7.909781523671404,5,0,3,0,7.29
3345,6.446769161618873,2,1,0,0,7.0
3346,12.207877332881072,1,0,3,0,8.13
3347,18.78217396620481,19,0,2,0,4.56
3348,13.434896809549668,4,0,3,0,7.48
3349,1.49491807272631,10,1,4,0,6.58
3350,9.213699469642677,25,1,1,1,2.33
3351,17.81648263021255,24,0,2,0,2.18
3352,1.8892485160217376,2,0,0,0,6.13
3353,19.77751424275087,2,0,2,0,8.74
3354,18.981387872908428,21,0,1,0,2.72
3355,1.5654896145975172,4,1,4,1,9.95
3356,18.668266408991094,21,0,2,0,3.8
3357,7.262651805189244,22,0,3,0,1.92
3358,16.89418334151725,10,0,3,0,6.18
3359,8.36766675426543,2,0,4,1,8.22
3360,8.817102254050317,12,1,2,1,5.3
3361,12.684861819550852,20,0,2,0,3.37
3362,15.489548385519669,7,0,0,0,6.16
3363,0.6757830189649727,19,1,0,0,2.6
3364,11.863119910542686,9,0,3,1,6.67
3365,3.73465988194742,1,1,0,0,6.84
3366,6.918990357264059,3,0,2,0,6.86
3367,6.95937332310433,17,0,0,0,2.46
3368,9.381206804423073,18,0,3,0,3.64
3369,6.682728237523468,3,0,2,0,7.9
3370,2.147222369013355,19,0,1,0,2.67
3371,2.912574770509029,25,0,1,0,1.42
3372,0.6687597112219534,8,0,2,0,4.84
3373,9.404981706575086,15,0,3,0,4.62
3374,19.08895389705977,25,0,2,0,2.06
3375,2.313504472962331,5,1,3,1,7.28
3376,18.92528986006164,24,0,1,1,2.91
3377,14.667230294641872,3,0,0,1,7.32
3378,12.749976058683265,8,1,0,1,6.63
3379,12.905555106471258,26,0,2,0,1.77
3380,16.53455296792564,12,0,3,0,6.27
3381,2.1383972875964274,8,0,1,1,4.95
3382,10.095086471310834,5,0,3,0,7.39
3383,13.941822765215171,20,0,2,0,2.98
3384,11.736408901471274,18,1,4,0,4.53
3385,16.655581420465893,13,1,3,0,6.35
3386,1.44543418022703,20,0,3,1,3.49
3387,13.81402078998332,14,0,2,0,5.0
3388,10.680554607694354,2,0,4,1,8.64
3389,7.583217279598868,4,1,4,0,8.2
3390,6.8054996446806175,20,0,2,0,2.86
3391,12.416652655483858,17,0,2,0,4.51
3392,17.819907492885296,13,0,2,0,5.35
